ask,bid,sma-compare,is_short,action,predicted_action,reward
347.7729941291585,348.2270058708415,0,1,go_short,go_short,-0.0775148
51183.77354103697,50451.22645896302,1,1,go_short,go_long,-1.25912245
21.07221942627076,20.92778057372924,0,0,go_long,go_long,-3.91440817
965.5852257181941,971.4147742818058,0,0,go_long,go_short,-1.6763358
38.00769802147343,37.99230197852657,0,0,go_long,go_long,-3.68475912
215.54422983281933,216.45577016718065,0,0,go_long,go_long,-3.46953222
16745.396515225533,16494.603484774463,0,0,go_long,go_long,-2.92130819
432.42788747826495,432.57211252173494,0,0,go_long,do_nothing,-2.29046887
3747.4847833870836,3773.515216612916,0,0,go_long,go_short,-0.58683968
1556.3897006149896,1557.6102993850104,1,0,go_long,do_nothing,-3.97880048
8.99645808736721,9.003541912632791,0,0,go_long,go_long,-3.59436235
4124008.9861678593,4102593.0138321407,0,1,go_short,do_nothing,0.44087059
373.74277769752996,373.25722230247004,0,0,go_long,go_long,-3.51894588
14010089.793954952,13844013.206045046,0,1,go_short,go_long,-6.59621124
401.784245727025,402.215754272975,0,1,go_short,go_short,-8.92028365
9224.0,9224.0,0,1,go_short,do_nothing,-9.04519643
122.83200367623596,123.16799632376406,1,1,go_short,do_nothing,-11.031457
87.14492454000414,88.85507545999587,0,1,go_short,go_short,-8.5154778
2132.388936066966,2103.611063933034,0,0,go_long,do_nothing,4.2827868
813.0711348324437,812.9288651675563,1,0,go_long,do_nothing,3.59364978
84853.68863383931,83297.31136616068,0,0,go_long,go_short,3.23133206
396.4634591961023,394.5365408038977,0,0,go_long,go_short,3.51678
3208.834108789443,3219.1658912105577,0,0,go_long,go_short,3.149109
1055.5396576798298,1061.4603423201702,0,0,go_long,go_short,2.98141035
252957.47020400583,281952.52979599417,1,0,go_long,go_long,2.96355061
61405.819187554014,60175.180812445986,0,0,go_long,go_long,3.46848359
4304366.223853211,5004679.776146789,1,0,go_long,go_short,3.528554
683.0,683.0,1,0,go_long,go_short,3.6744582
186959.9110983379,186334.08890166212,0,0,go_long,go_long,3.61710419
29625.890287652466,30105.10971234753,0,0,go_long,do_nothing,3.52383748
200858.89491350373,208576.10508649622,0,0,go_long,go_short,3.34112592
4927.175069060773,4861.824930939226,0,0,go_long,go_short,3.57681165
9557.934091986725,9704.065908013277,0,0,go_long,do_nothing,2.91621229
242.5688532799199,239.4311467200801,0,0,go_long,do_nothing,2.42653787
22661.264383244627,21997.735616755377,0,0,go_long,go_short,4.725352
688.3278594615236,712.6721405384764,0,0,go_long,do_nothing,2.757492
6748.370967741936,6969.629032258064,0,0,go_long,go_short,2.50780236
2777.6912669126364,2644.3087330873636,0,0,go_long,go_long,3.0232321
52442.52559726963,54240.474402730375,0,0,go_long,go_short,3.55321591
39553.29706334728,40512.70293665272,0,0,go_long,do_nothing,3.62314451
1144.0,1144.0,0,0,go_long,do_nothing,3.514074
15321.766532597512,15402.233467402488,0,0,go_long,do_nothing,4.14440821
1421442.30153866,1337864.6984613398,0,0,go_long,go_short,3.79700685
1345.22486104092,1354.7751389590799,1,0,go_long,do_nothing,3.37769739
137283.72870728394,164016.27129271606,0,0,go_long,do_nothing,3.41264358
475.2139001349528,477.7860998650473,0,0,go_long,go_short,3.55813197
21.98766572698774,22.012334273012264,0,0,go_long,go_long,4.17637213
8852.375828277349,9196.624171722653,1,0,go_long,do_nothing,3.8739457
228461.2124779282,246288.7875220718,0,0,go_long,do_nothing,7.1009665
813.7637583892617,807.2362416107381,0,0,go_long,do_nothing,2.91482502
5616.397264379717,5621.602735620283,0,0,go_long,do_nothing,4.4756659
1436.0037231158503,1432.9962768841497,0,0,go_long,do_nothing,3.14860399
4550.28276873068,4527.717231269321,0,0,go_long,go_short,3.27922827
422.5599799020224,418.4400200979776,0,0,go_long,do_nothing,2.8532728
23114.677166119352,23292.32283388065,0,0,go_long,do_nothing,2.51437406
15103.315686141763,15160.684313858235,0,0,go_long,go_short,3.06608709
128.6828856075431,128.31711439245686,0,0,go_long,do_nothing,3.31100149
75.5,75.5,0,0,go_long,do_nothing,7.3405829
199.7914340236059,193.20856597639408,0,0,go_long,go_long,3.1668663
13.482352941176469,13.51764705882353,0,0,go_long,go_short,3.5365056
9389.60860774119,9460.39139225881,0,0,go_long,go_short,2.23852849
1504.0507316134,1506.9492683866,0,0,go_long,go_short,1.6949324
13770.205221715705,14307.794778284293,1,0,go_long,go_long,4.599696
383827.93477662955,393448.0652233704,0,0,go_long,do_nothing,3.26224663
1027.0549733406879,1028.9450266593124,0,0,go_long,go_long,5.687541
4271.03962264151,4256.96037735849,0,0,go_long,go_long,3.54099214
16956.966538392924,17513.033461607072,0,0,go_long,go_long,3.24640814
26806.18046856878,31809.819531431225,1,0,go_long,do_nothing,4.764186
11180.5,11180.5,0,0,go_long,do_nothing,3.89340523
540385.8846083954,608221.1153916046,1,0,go_long,go_short,3.39388236
70.56521739130434,70.43478260869566,0,0,go_long,go_short,3.27412206
1418.3460955269143,1422.6539044730855,0,0,go_long,do_nothing,3.71802846
166509.13645876938,169367.86354123065,0,0,go_long,do_nothing,3.52565346
48459.44535334276,52579.55464665723,0,0,go_long,do_nothing,3.07925761
386358.4119782214,397536.5880217786,0,0,go_long,do_nothing,3.4820984
101940.0959870415,101302.90401295852,0,0,go_long,go_short,4.37128461
416000.59024875617,438620.4097512437,0,0,go_long,go_long,3.26541798
574906.7842890809,598692.215710919,0,0,go_long,go_short,3.52698841
463235.7092819615,479414.29071803857,0,0,go_long,go_short,3.89061376
32.0,32.0,1,0,go_long,go_long,3.52102366
5.0,5.0,0,0,go_long,go_long,0.3599013
63.23260126086778,64.76739873913223,1,0,go_long,go_short,0.2598638
43.42695015264521,43.573049847354774,0,0,go_long,do_nothing,0.2419936
0.5,0.5,0,0,go_long,go_long,0.2012311
9.0,9.0,0,0,go_long,go_long,0.2547218
125.15869493289864,125.84130506710136,0,0,go_long,go_short,0.0445101
1.5000000000000002,1.5000000000000002,1,0,go_long,go_short,0.0124728
10.0,10.0,0,0,go_long,do_nothing,0.023545
19.499920785483024,19.500079214516973,0,0,go_long,go_short,0.2893707
27.983486201216163,28.016513798783834,1,0,go_long,go_short,0.1221821
58.00000000000001,58.00000000000001,0,0,go_long,go_short,0.0406843
21355.429111992675,21792.570888007325,1,0,go_long,do_nothing,0.29351563
131.74252371127295,133.25747628872705,0,0,go_long,go_long,0.1461893
7.0,7.0,0,0,go_long,go_short,0.0481762
3.0,3.0,0,0,go_long,go_long,0.0775022
2.9999999999999996,2.9999999999999996,0,0,go_long,go_short,0.1566188
54.554345438261485,55.445654561738515,0,0,go_long,go_short,0.0369605
9.510093078971094,9.489906921028904,0,0,go_long,do_nothing,-0.0014279
4.5,4.5,0,0,go_long,go_long,0.0615917
9.0,9.0,0,0,go_long,go_long,0.2791032
40.985448715595204,41.01455128440479,0,0,go_long,go_long,0.0525183
115.09552539982901,114.90447460017099,1,0,go_long,go_long,0.0856196
130.75013988441668,131.24986011558335,1,0,go_long,do_nothing,0.1759095
7.499999999999999,7.499999999999999,0,0,go_long,go_long,0.3402336
0.5,0.5,1,0,go_long,do_nothing,0.0858774
3.0000000000000004,3.0000000000000004,1,0,go_long,do_nothing,0.0212541
113.33874196777423,113.6612580322258,0,0,go_long,go_short,0.006631
595.5049577393718,593.4950422606282,0,0,go_long,do_nothing,0.36983516
174.21142162818956,173.78857837181044,0,0,go_long,go_long,0.01967339
2992.5,2992.5,0,0,go_long,go_long,0.13235442
5358.344836713761,5542.655163286239,1,0,go_long,go_short,0.41301981
831.9696823714552,838.0303176285448,1,0,go_long,go_short,0.55356336
1040.932762983492,1043.067237016508,0,0,go_long,go_long,0.04040466
3.0,3.0,0,0,go_long,go_long,0.01860858
80.0,80.0,0,0,go_long,do_nothing,-0.00099852
3047.436724343676,3019.563275656325,0,0,go_long,go_long,0.07728702
958.2034027798184,956.7965972201816,0,0,go_long,do_nothing,-0.00495492
67.17151684566721,66.8284831543328,0,0,go_long,go_short,-0.00777612
1177.4711563866954,1182.5288436133048,0,0,go_long,go_short,0.01110912
7.5,7.5,0,0,go_long,go_short,-0.00100902
624.7431243769427,622.2568756230576,0,0,go_long,do_nothing,-0.00102942
101.54430121919283,101.45569878080717,0,0,go_long,go_long,0.31576269
0.9998984148655622,1.000101585134438,1,0,go_long,go_long,0.1904551
31.983823859806783,32.01617614019321,0,0,go_long,go_long,0.0103473
3625.2170431557647,3633.7829568442344,1,0,go_long,do_nothing,0.04083392
352.4149894736842,351.5850105263158,0,0,go_long,go_short,0.67882592
1513.7091633466136,1512.2908366533864,0,0,go_long,go_long,0.1631189
896.4888998895701,894.5111001104299,0,0,go_long,go_short,0.25081119
2496.208218675472,2500.7917813245276,0,0,go_long,go_short,0.14509852
18.49535525985438,18.50464474014562,0,0,go_long,do_nothing,0.40187357
998.7388837622611,998.2611162377387,0,0,go_long,go_long,0.24989718
368.55022095225434,367.4497790477456,1,0,go_long,go_short,0.95947218
101.61809719860379,101.38190280139622,0,0,go_long,go_long,0.49919118
1103.896103896104,1096.1038961038962,0,0,go_long,go_long,0.70360482
828.5395866536425,824.4604133463574,1,0,go_long,do_nothing,0.05377414
44.02573720400375,43.97426279599626,0,0,go_long,do_nothing,0.2445693
83.16432468974843,82.83567531025157,0,0,go_long,go_long,0.00088251
1027.0,1027.0,0,0,go_long,go_long,0.2422728
484.8429124158799,488.1570875841201,1,0,go_long,go_long,0.8767778
40124.87389956814,50921.12610043186,1,0,go_long,go_long,1.24860144
1488.943162379104,1504.0568376208962,1,0,go_long,do_nothing,0.2431632
171.1224051539012,170.8775948460988,0,0,go_long,go_short,0.4318242
872.8996563573884,874.1003436426116,0,0,go_long,go_long,0.007672
1722.1311813186812,1726.8688186813188,0,0,go_long,go_short,0.02163
124.32991803278688,124.67008196721311,0,0,go_long,go_long,0.0
4979.160247592848,4951.839752407152,1,0,go_long,do_nothing,0.091504
10938.950736325385,11148.049263674615,0,0,go_long,go_long,-0.00423468
510.4526622002821,504.5473377997179,0,0,go_long,go_long,0.0526401
303.60371947509947,304.39628052490053,0,0,go_long,go_long,0.25157591
283.2894402574308,281.7105597425692,1,0,go_long,go_short,0.47496657
601.0643759555807,601.9356240444193,0,0,go_long,go_short,0.3656708
476.18233356316927,475.8176664368308,0,0,go_long,go_long,0.64194168
1887.2723970944307,1895.7276029055688,0,0,go_long,do_nothing,0.29231312
46783.15430615324,49356.84569384676,0,0,go_long,do_nothing,0.19934928
2470.335766423357,2506.664233576642,1,0,go_long,go_long,0.2029231
77.75543113101946,78.24456886898054,0,0,go_long,go_short,0.4424854
15829.551966873705,15816.448033126295,1,0,go_long,go_short,1.05500142
106699.98256203892,107418.0174379611,1,0,go_long,do_nothing,1.33150227
5044.44594302978,5020.55405697022,0,0,go_long,go_long,0.17411889
1421.4493517444926,1420.5506482555074,0,0,go_long,go_long,1.17624512
26415.76396658748,30805.236033412526,1,0,go_long,do_nothing,1.01001362
141708.2695001297,142984.7304998703,1,0,go_long,do_nothing,0.03297128
0.9993364299933643,1.0006635700066357,0,0,go_long,go_short,0.04709344
49.45861354465811,49.54138645534189,1,0,go_long,go_long,0.01167942
25213.736970072056,25584.26302992794,1,0,go_long,go_short,0.30828072
108.50472746285612,108.49527253714386,1,0,go_long,do_nothing,0.0639192
447.98069381598987,448.01930618401013,0,0,go_long,go_short,0.0397384
734.374893544541,734.6251064554591,0,0,go_long,go_long,0.0875096
271.8740581723293,272.1259418276707,1,0,go_long,do_nothing,0.3175256
31598.125780125203,32179.874219874804,1,0,go_long,go_short,0.13421872
934.872794117647,932.1272058823529,0,0,go_long,go_short,0.0
71693.84234234234,73437.15765765766,1,0,go_long,go_long,0.3047765
1591.2655849701111,1577.734415029889,1,0,go_long,go_long,0.18425791
149.0,149.0,0,0,go_long,do_nothing,0.15717922
1098.5,1098.5,0,0,go_long,go_long,0.0
135.27851116155068,134.72148883844932,0,0,go_long,go_long,0.03538594
50.95777821400224,51.04222178599776,0,0,go_long,go_long,0.04790741
46.47832296452001,46.52167703547998,1,0,go_long,go_short,0.03836454
42.95914609537903,43.040853904620974,0,0,go_long,go_short,1.19114114
580.8341891550275,584.1658108449725,1,0,go_long,go_long,0.04625178
811.7810335072858,816.2189664927141,0,0,go_long,go_short,0.38715573
39.96681284816878,40.03318715183122,1,0,go_long,go_long,-0.00678252
3217.096743336667,3226.9032566633327,0,0,go_long,go_short,1.62530002
18908.890876317797,19248.109123682203,1,0,go_long,go_long,0.27455677
1499.5242652894424,1502.4757347105578,1,0,go_long,go_long,0.01084716
90.3384597198416,90.66154028015839,0,0,go_long,go_long,0.00922579
115.34989868027604,115.65010131972397,1,0,go_long,go_long,0.02961737
7310.84038542103,7428.159614578969,1,0,go_long,do_nothing,0.16777354
757.9305650102111,762.069434989789,0,0,go_long,do_nothing,0.25339072
168.31986581634533,168.68013418365464,0,0,go_long,do_nothing,0.05180525
103.28579209179041,103.71420790820957,0,0,go_long,go_short,0.0
927.0218390804598,940.9781609195403,0,0,go_long,go_short,0.1668954
112.34885968995022,111.65114031004977,0,0,go_long,go_short,0.2601074
58.80486626402071,58.19513373597929,0,0,go_long,go_long,0.4259234
5509.048189134808,5709.951810865191,1,0,go_long,go_short,0.1637664
533.538990593709,536.4610094062912,0,0,go_long,do_nothing,0.2477076
70.54229341668295,71.45770658331706,0,0,go_long,do_nothing,0.49236465
1590.6216241128213,1550.3783758871784,0,0,go_long,do_nothing,0.28064425
315.08456375838927,314.91543624161073,0,0,go_long,go_short,1.5836256
4007.016155946602,3983.9838440533977,1,0,go_long,do_nothing,1.2736192
4293.58613342075,4429.413866579249,1,0,go_long,do_nothing,0.9849596
16266.438095238094,16810.561904761907,1,0,go_long,go_short,0.2427519
1301.4823173674679,1311.5176826325321,1,0,go_long,do_nothing,0.0895368
6724.971607890018,6735.028392109982,1,0,go_long,do_nothing,0.3162929
575.1013615733737,572.8986384266263,0,0,go_long,go_long,0.00980745
515.8100149968909,514.1899850031092,1,0,go_long,go_long,0.01549271
17334.986939841645,17440.01306015835,0,0,go_long,do_nothing,0.2108384
4.0,4.0,0,0,go_long,go_long,0.0
1717.0819472616633,1717.9180527383369,0,0,go_long,do_nothing,0.0
172.00402155553766,169.9959784444623,0,0,go_long,go_long,0.0184785
39.5,39.5,0,0,go_long,do_nothing,0.115806
226.0,226.0,0,0,go_long,go_long,0.0031485
38.5,38.5,0,0,go_long,do_nothing,0.277542
210.5,210.5,0,0,go_long,go_short,0.0221214
2659.8914646996836,2667.108535300316,0,0,go_long,do_nothing,0.021959
132.52978197347718,132.47021802652282,0,0,go_long,go_long,0.016275
124.0,124.0,1,0,go_long,go_short,0.2106768
1147.2392166286197,1144.7607833713805,0,0,go_long,do_nothing,0.1209961
23.056991150442474,22.94300884955752,0,0,go_long,go_long,0.0184998
634.0,634.0,0,0,go_long,go_long,0.1840752
100.0,100.0,1,0,go_long,go_short,0.0601832
704.1870387453876,705.8129612546126,0,0,go_long,go_short,0.0050886
20.5,20.5,0,0,go_long,do_nothing,0.009361
179.5,179.5,1,0,go_long,go_short,0.00737
16.5,16.5,0,0,go_long,do_nothing,0.0
538.0101335789959,541.9898664210041,0,0,go_long,go_long,0.304161
82.0,82.0,0,0,go_long,go_short,0.0777756
232.97393444456875,233.02606555543125,0,0,go_long,go_short,0.0126987
330.5,330.5,0,0,go_long,do_nothing,0.0482622
106.61754966887418,106.38245033112582,0,0,go_long,go_long,0.1970367
57.79042295116548,59.20957704883451,0,0,go_long,go_short,0.13911
657.068387634017,656.9316123659831,0,0,go_long,go_short,0.0
265.1417004048583,265.8582995951417,0,0,go_long,go_long,0.03071
32.5,32.5,0,0,go_long,go_short,0.182498
674.8548461185118,671.1451538814883,0,0,go_long,go_short,0.156684
60.5,60.5,0,0,go_long,go_long,0.0016368
6513.724434876211,6876.2755651237885,1,0,go_long,go_long,0.0705472
789.2228929868415,793.7771070131585,0,0,go_long,do_nothing,0.1724877
348.5256556964343,347.47434430356566,0,0,go_long,go_long,0.10101657
26.996404634027254,27.003595365972746,0,0,go_long,do_nothing,0.04769658
161.13434933462165,160.86565066537838,0,0,go_long,go_short,0.7073161
43725.20408042228,43948.79591957772,1,0,go_long,do_nothing,0.50480425
17.99899176608973,18.001008233910262,0,0,go_long,go_short,0.11071261
177.55882028056993,177.44117971943004,0,0,go_long,go_long,0.00569076
56886.83730067022,61208.16269932978,1,0,go_long,go_long,0.62341089
283.0,283.0,0,0,go_long,go_long,0.02643815
123.21307925508879,122.78692074491121,0,0,go_long,go_long,0.00383623
473.8634005763689,474.1365994236312,0,0,go_long,go_long,0.00365077
115.45862884160758,115.54137115839245,0,0,go_long,go_long,0.0477577
3902.6564260112646,3932.343573988735,0,0,go_long,do_nothing,0.09276279
8.5,8.5,0,0,go_long,go_short,0.34864907
72.08439148271147,71.91560851728855,0,0,go_long,do_nothing,0.08440953
483.63996912091096,483.36003087908904,0,0,go_long,go_long,9.882e-05
39590.570374275165,38317.42962572483,0,0,go_long,do_nothing,0.66070004
662.5591096310577,699.4408903689422,0,0,go_long,go_short,0.0
16.991803278688526,16.008196721311474,0,0,go_long,go_long,0.6789064
1534.1580432737535,1542.8419567262465,1,0,go_long,go_short,0.1931112
4.001845188670542,3.9981548113294587,0,0,go_long,go_long,0.508045
247596.56471873296,260073.43528126707,1,0,go_long,go_long,0.42661575
18501.764967499144,22093.23503250086,0,0,go_long,go_short,0.0
12551.549810356837,11810.450189643161,0,0,go_long,go_long,0.0
3260.2364126128987,3193.763587387102,0,0,go_long,do_nothing,0.0
40.92138728323699,40.078612716763004,0,0,go_long,go_long,0.1606668
107.6628731894768,110.33712681052322,0,0,go_long,go_short,0.6736464
38281.099264894874,38080.90073510512,0,0,go_long,go_long,0.718701
327.3444032687191,327.65559673128087,1,0,go_long,go_short,0.0376677
17.5,17.5,1,0,go_long,go_long,0.0
211.49999999999997,211.49999999999997,0,0,go_long,go_short,0.1497504
106.13886968230285,105.86113031769716,0,0,go_long,go_short,0.02984821
327.06991546494277,324.9300845350572,0,0,go_long,go_long,0.0055575
409.04013345108433,408.9598665489158,0,0,go_long,do_nothing,0.0
499.8211745013251,497.1788254986748,1,0,go_long,go_long,0.1576022
190.0560049355635,190.9439950644365,0,0,go_long,go_long,0.0342667
187.5,187.5,0,0,go_long,go_long,0.0
3369.2995677233434,3356.7004322766575,0,0,go_long,go_long,0.026649
1622.1747809692806,1664.82521903072,1,0,go_long,go_long,0.06994346
297.46775464265613,295.53224535734387,0,0,go_long,do_nothing,0.004565
1104.3309487951806,1102.6690512048192,0,0,go_long,do_nothing,0.0
2995.9765645119755,3122.023435488025,0,0,go_long,go_long,0.04960722
53.0,53.0,0,0,go_long,do_nothing,-0.02226354
136.42722513089004,135.57277486910994,0,0,go_long,go_short,0.49621988
1.5,1.5,0,0,go_long,do_nothing,-0.00099204
735.1522298456262,741.847770154374,0,0,go_long,go_long,0.15400608
2988.1356610292783,2842.8643389707217,0,0,go_long,go_long,-0.00801878
805.3534003797736,816.6465996202264,1,0,go_long,go_long,0.057057
44.13166696004225,43.868333039957754,0,0,go_long,go_short,-0.01153394
1365.2769075855897,1367.7230924144105,0,0,go_long,go_long,0.04660282
246.09550219067162,245.90449780932843,0,0,go_long,do_nothing,1.16270462
99.41430751809365,98.58569248190635,0,0,go_long,go_short,0.6756912
1.0,1.0,0,0,go_long,go_long,0.09231696
53964.70588235294,54455.29411764706,0,0,go_long,go_long,0.06153213
73693.63939393939,73248.36060606061,0,0,go_long,do_nothing,0.00993476
10899.757391963609,10883.242608036391,0,0,go_long,go_short,0.0
41640.819672131154,41736.18032786885,0,0,go_long,go_long,0.03960638
58642.65569326104,57920.34430673896,0,0,go_long,go_short,0.03281476
39438.84281039699,44074.157189603015,1,0,go_long,go_short,1.17954468
401.9352977619453,401.0647022380546,0,0,go_long,do_nothing,0.20668869
1202.6973901489987,1205.302609851001,0,0,go_long,go_short,0.22157183
4151.518589903008,4263.481410096991,1,0,go_long,do_nothing,0.0228012
1429.1554178145088,1412.8445821854914,0,0,go_long,go_short,0.17665461
1339.5566420396926,1343.4433579603071,0,0,go_long,go_short,0.2450966
214.68859906213368,214.31140093786635,0,0,go_long,go_short,0.0382186
2206.214009518144,2212.785990481856,0,0,go_long,go_short,0.1942605
441.24718991300944,438.7528100869905,0,0,go_long,go_short,0.0032832
185.51182919792268,181.48817080207732,0,0,go_long,do_nothing,0.0366786
239.81992121553182,240.18007878446824,0,0,go_long,do_nothing,0.1965996
298.13970454130947,301.8602954586905,0,0,go_long,do_nothing,9.54e-05
274.0,274.0,0,0,go_long,go_short,0.0647262
373.0336369375056,372.9663630624944,0,0,go_long,go_short,0.0
2799.504126300682,2797.4958736993185,0,0,go_long,go_short,0.0489736
18.049542750599308,17.950457249400692,0,0,go_long,do_nothing,0.0096713
174.0,174.0,1,0,go_long,go_long,0.0
755.490870600688,744.509129399312,0,0,go_long,do_nothing,0.0400265
1.0,1.0,1,0,go_long,do_nothing,0.0196945
31.000000000000004,31.000000000000004,0,0,go_long,go_short,0.0
1265.5512358166945,1268.4487641833055,1,0,go_long,do_nothing,0.0
1401.262572789836,1403.737427210164,0,0,go_long,do_nothing,0.0333965
100.0,100.0,0,0,go_long,do_nothing,0.0332911
5.5,5.5,0,0,go_long,go_long,0.1567264
6.527640755230482,6.472359244769519,0,0,go_long,do_nothing,0.0161984
1350.2460324124613,1347.753967587539,0,0,go_long,go_long,0.0
484.21133589700725,481.7886641029928,0,0,go_long,go_long,0.1230288
1221.7947312443755,1217.2052687556247,0,0,go_long,go_long,0.1834032
23.662490848450336,23.33750915154966,0,0,go_long,go_short,0.0137616
293.62527093200606,295.3747290679939,0,0,go_long,do_nothing,0.163944
390.6287387244817,391.37126127551835,0,0,go_long,do_nothing,0.0
899.1322247981453,901.8677752018547,0,0,go_long,do_nothing,0.4261695
146.8547215496368,146.1452784503632,0,0,go_long,go_short,0.2456625
108.32218414779501,108.67781585220501,0,0,go_long,go_long,0.012987
148.0,148.0,0,0,go_long,go_short,0.1886085
155.50000000000003,155.50000000000003,0,0,go_long,go_short,0.0083715
154.99999999999997,154.99999999999997,0,0,go_long,do_nothing,0.0
356.4581724581725,355.5418275418275,0,0,go_long,do_nothing,0.0529112
92.99423898903551,93.0057610109645,0,0,go_long,go_long,0.03964326
225.04032498954538,224.95967501045462,0,0,go_long,do_nothing,0.00938574
530.05193931237,526.94806068763,0,0,go_long,go_long,0.1836246
8310.917850287908,8330.082149712092,1,1,go_short,go_short,0.00143451
271.1218390804598,269.8781609195402,1,1,go_short,go_long,0.1648416
118.5,118.5,0,1,go_short,do_nothing,0.12308674
121.5,121.5,0,1,go_short,do_nothing,0.0207896
19154.088783194613,19138.91121680539,1,1,go_short,go_long,0.0288744
3352.326693227092,3357.6733067729087,1,1,go_short,do_nothing,0.16718238
5554.544827586208,5478.455172413794,1,1,go_short,go_long,0.01028619
842920.2343260188,845566.7656739812,0,1,go_short,go_long,0.00459938
8.0,8.0,1,1,go_short,go_short,0.0
1069.1561514195585,1070.8438485804418,1,1,go_short,go_long,0.0207848
39.5,39.5,0,1,go_short,go_long,0.0398992
826.0,826.0,1,1,go_short,go_short,0.0392344
1906.7082833133254,1911.2917166866746,1,1,go_short,do_nothing,0.02934144
23.052591463414636,22.947408536585368,0,1,go_short,do_nothing,0.07324856
19410.5,19410.5,0,1,go_short,go_long,0.10237023
2115.0,2115.0,1,1,go_short,do_nothing,0.01371243
5014.585644371941,5047.414355628059,1,1,go_short,go_long,0.02221163
114.0,114.0,0,1,go_short,go_long,0.07213779
98.0,98.0,1,1,go_short,go_long,0.00202935
158.60869565217394,159.3913043478261,1,1,go_short,do_nothing,0.3121464
3445.930212765958,3440.069787234043,0,1,go_short,go_short,0.18095652
11961.155963302754,11929.84403669725,1,1,go_short,go_long,0.0327008
155.5,155.5,0,1,go_short,go_long,0.019512
88.68661971830986,89.31338028169014,1,1,go_short,go_long,0.0010233
3017.3368606701943,3022.663139329806,1,1,go_short,do_nothing,0.0346005
5.0,5.0,1,1,go_short,go_long,0.0445194
15262.283993115318,15420.716006884682,1,1,go_short,do_nothing,0.01590512
88.0,88.0,1,1,go_short,do_nothing,0.10396936
295.5,295.5,1,1,go_short,go_long,0.02179396
500.0,500.0,0,1,go_short,go_long,0.03420532
1087.2345585449032,1084.7654414550966,1,1,go_short,go_short,0.0189772
261.6030303030303,262.39696969696973,1,1,go_short,go_long,0.00101688
1008.7061087061087,1001.2938912938914,0,1,go_short,go_long,0.0
874.8722240102993,877.1277759897007,1,1,go_short,go_long,1.2220014
6102.6247004608285,6100.37529953917,0,1,go_short,go_short,0.2428643
1829.3150684931509,1812.6849315068491,0,1,go_short,do_nothing,0.1663374
218.00000000000003,218.00000000000003,1,1,go_short,do_nothing,0.1750164
2913.623199842178,2919.376800157822,1,1,go_short,do_nothing,0.01578
125.0,125.0,1,1,go_short,do_nothing,0.0
1128.0262582056891,1132.9737417943109,0,1,go_short,do_nothing,0.0
893.7886679920477,895.2113320079524,1,1,go_short,go_short,0.0
25527.337843215282,25547.662156784718,1,1,go_short,go_short,0.120044
71.27126483008244,70.72873516991756,1,1,go_short,do_nothing,0.1889731
1753.0125851041885,1760.987414895812,0,1,go_short,do_nothing,1.2913656
565.6340365015407,565.3659634984595,1,1,go_short,go_short,0.7965888
25221.38788192646,25378.612118073535,1,1,go_short,go_short,0.45321847
6278.712687585266,6275.287312414734,1,1,go_short,go_long,0.21574084
10390.100976290098,10395.8990237099,0,1,go_short,do_nothing,0.037996
53.5,53.5,0,1,go_short,go_long,0.01453256
136.76563803169307,136.23436196830693,0,1,go_short,do_nothing,0.5251176
10001.649704142012,10025.350295857988,0,1,go_short,go_long,0.2509794
314.9042262085741,315.095773791426,0,1,go_short,go_long,0.64564692
280.0909386164339,279.9090613835661,0,1,go_short,go_long,0.12138258
2759.5,2759.5,0,1,go_short,go_long,0.69572184
6742.724647887324,6771.275352112677,0,1,go_short,go_short,0.05905567
4233.836473515819,4165.163526484181,0,1,go_short,go_short,0.03072525
5063.76604850214,5078.23395149786,1,1,go_short,go_long,0.00102024
7112.423323823109,7122.57667617689,1,1,go_short,go_long,0.01068912
543.0,543.0,1,1,go_short,go_short,0.3330792
928.9999999999999,928.9999999999999,0,1,go_short,do_nothing,0.04190625
325.5,325.5,1,1,go_short,do_nothing,0.06634778
71.65604539502401,71.343954604976,0,1,go_short,go_long,0.00205501
451.56657963446474,448.43342036553526,1,1,go_short,go_short,0.01613748
1521.0,1521.0,0,1,go_short,go_short,0.0597279
2110.85054945055,2120.14945054945,1,1,go_short,go_short,0.1157301
1262.2625428168446,1260.7374571831554,1,1,go_short,do_nothing,0.01596
4695.311941510968,4668.688058489033,0,1,go_short,go_short,0.10958514
3136.2125564218295,3138.7874435781696,0,1,go_short,do_nothing,0.66982992
267.0,267.0,0,1,go_short,go_short,0.05122698
4099.99111703309,4080.0088829669107,0,1,go_short,do_nothing,0.0053061
29550.3300110742,29694.669988925805,1,1,go_short,do_nothing,0.02738886
1244.809662267949,1253.190337732051,1,1,go_short,go_long,0.00365425
3498.734417344174,3489.265582655826,1,1,go_short,go_long,0.05069984
8.0,8.0,1,1,go_short,go_short,0.00527716
3536.34664246824,3555.653357531761,1,1,go_short,go_long,0.1672166
6507.966797325341,6535.033202674661,1,1,go_short,do_nothing,0.14938368
365.4141010575793,365.58589894242067,0,1,go_short,go_long,0.00209622
287.93209148785667,288.0679085121434,1,1,go_short,go_long,0.05290089
1133.4597427346355,1134.5402572653643,1,1,go_short,do_nothing,0.00628082
5220.245882072094,5217.754117927906,0,1,go_short,go_short,0.08559222
44.5,44.5,0,1,go_short,go_short,0.215406
1000.0,1000.0,0,1,go_short,go_long,0.16733967
6359.88686768004,6382.11313231996,1,1,go_short,go_long,0.32376292
1538.0,1538.0,0,1,go_short,do_nothing,0.1768239
15255.171679531542,15230.828320468461,0,1,go_short,go_long,0.00103125
2134.632549438803,2148.367450561197,0,1,go_short,go_short,0.91711394
27264.59082733813,27560.40917266187,0,1,go_short,do_nothing,0.09824777
568.0123382485706,566.9876617514294,1,1,go_short,go_short,1.24883164
24.991470487888094,25.008529512111906,1,1,go_short,go_long,0.06704949
97978.0206687146,93579.97933128539,0,1,go_short,go_short,0.96035275
3829.5630969080876,3839.4369030919124,0,1,go_short,do_nothing,0.97896947
1344.5666104553122,1343.433389544688,0,1,go_short,go_long,0.15047506
2144.7206643658324,2150.2793356341676,1,1,go_short,do_nothing,0.06847192
1691.7298230470435,1690.2701769529563,0,1,go_short,go_short,0.00644204
371.0,371.0,1,1,go_short,go_short,0.00636678
16448.642937535173,17090.357062464827,1,1,go_short,go_long,0.975478
167.0,167.0,1,1,go_short,go_long,0.02410446
249.50000000000003,249.50000000000003,1,1,go_short,do_nothing,0.0087738
684.3867502238138,685.6132497761863,0,1,go_short,go_short,0.02623985
484.5,484.5,0,1,go_short,do_nothing,0.06348552
354.5,354.5,1,1,go_short,go_long,0.01759224
55.0,55.0,0,1,go_short,go_long,0.00102114
4283.316270566727,4267.683729433273,0,1,go_short,go_short,0.01796295
473.0,473.0,1,1,go_short,go_long,0.00147392
63.49999999999999,63.49999999999999,1,1,go_short,go_short,0.00885104
2939.0472222222224,2949.9527777777776,1,1,go_short,go_long,0.01267872
96.58926919518966,96.41073080481037,0,1,go_short,go_short,0.162996
112050.1632845682,113647.83671543181,1,1,go_short,go_long,0.00305952
512668.74383868556,488980.2561613144,0,1,go_short,go_long,0.30464882
281298.83615524875,279837.1638447512,0,1,go_short,do_nothing,2.74011636
2.0,2.0,0,1,go_short,go_long,0.00819936
1000.2296819787986,1003.7703180212014,0,1,go_short,go_short,0.19505475
656.6192985644193,656.3807014355805,1,1,go_short,go_long,0.07061265
280.32638760833487,281.67361239166513,0,1,go_short,go_short,0.00103626
2680.0053515408745,2680.994648459125,1,1,go_short,do_nothing,0.01950692
555.5,555.5,1,1,go_short,go_long,0.00646798
39.5,39.5,0,1,go_short,go_long,0.102277
6303.803500846979,6325.19649915302,0,1,go_short,go_long,0.46050576
1745.9999999999998,1745.9999999999998,1,1,go_short,go_short,0.58053458
781069.1460832746,777768.8539167256,0,1,go_short,go_long,0.18326369
2296.5,2296.5,1,1,go_short,go_long,0.63562825
1157.798445725746,1164.2015542742542,0,1,go_short,go_short,0.02404637
207.5,207.5,0,1,go_short,do_nothing,0.1077986
90.96535093285951,91.03464906714049,0,1,go_short,go_short,0.20529711
499.9804048793148,501.0195951206852,0,1,go_short,go_short,0.03900987
1477.3550163934426,1474.6449836065574,0,1,go_short,go_long,0.27543908
3203.5343247097167,3150.465675290283,1,1,go_short,do_nothing,0.1241815
974.6016059295862,973.3983940704138,1,1,go_short,do_nothing,0.00160476
0.5,0.5,0,1,go_short,do_nothing,0.0075402
18771.730677873195,19027.269322126805,1,1,go_short,go_long,0.050769
539.6794525481721,538.3205474518278,0,1,go_short,go_short,0.1503616
0.5,0.5,0,1,go_short,do_nothing,0.1344
148.6601941747573,139.33980582524273,0,1,go_short,go_long,0.0
370.0,370.0,0,1,go_short,go_long,0.0841
76.09902686966628,75.90097313033374,1,1,go_short,go_short,0.3731298
0.5,0.5,1,1,go_short,go_short,0.1246604
7.008361939970073,6.991638060029927,1,1,go_short,go_short,0.2455388
9.957476508679187,10.042523491320813,1,1,go_short,go_long,0.051659
1.4998428537754382,1.5001571462245622,0,1,go_short,go_long,0.3204646
100.0,100.0,1,1,go_short,go_short,0.1309458
79.88234332870333,80.11765667129669,0,1,go_short,do_nothing,0.1173216
471.1277504836398,528.8722495163603,0,1,go_short,go_short,0.3524252
50.0,50.0,1,1,go_short,go_short,0.1897488
303.99032186176817,304.0096781382318,1,1,go_short,do_nothing,0.1870004
10.0,10.0,0,1,go_short,go_long,0.734347
5.0,5.0,0,1,go_short,do_nothing,0.9234417
4.0,4.0,1,1,go_short,go_long,0.0214233
15.0,15.0,0,1,go_short,go_long,0.231411
1.4999999999999998,1.4999999999999998,0,1,go_short,go_long,0.0
185.0,185.0,0,1,go_short,go_short,0.8529324
23.99958611412903,24.000413885870973,0,1,go_short,do_nothing,0.3096309
50.0,50.0,1,1,go_short,go_short,0.397071
40.27503736920777,39.724962630792234,0,1,go_short,do_nothing,0.9252459
5.048205630697626,4.951794369302375,1,1,go_short,do_nothing,0.79431
76.5,76.5,0,1,go_short,go_short,0.0
113.43079922027292,116.5692007797271,1,1,go_short,go_short,0.0
9.294730629108747,8.705269370891255,1,1,go_short,go_short,0.7643562
517.666851134477,526.333148865523,1,1,go_short,do_nothing,0.3949432
2219.403938005654,2282.5960619943467,1,1,go_short,go_short,0.504336
445.824292140778,444.175707859222,1,1,go_short,go_long,0.0
890.1106063550675,890.8893936449325,0,1,go_short,do_nothing,0.2157736
338.98210988896693,346.0178901110331,0,1,go_short,go_short,1.834821
105.23064410455683,110.76935589544314,0,1,go_short,do_nothing,0.4318896
127.48267768284668,136.51732231715332,1,1,go_short,do_nothing,0.0
13.504905777916212,13.49509422208379,0,0,go_long,do_nothing,1.08162444
6.499612933960541,6.50038706603946,0,0,go_long,do_nothing,-0.0004998
122.56576985026621,122.4342301497338,0,0,go_long,go_short,0.68565864
907.6973669592218,908.3026330407783,0,0,go_long,go_short,0.1071906
617.3217705312655,612.6782294687346,1,0,go_long,do_nothing,0.32605733
13.999999999999998,13.999999999999998,0,0,go_long,go_long,0.103881
1108.8453988367207,1108.1546011632797,0,0,go_long,go_long,0.05064
17.499099284574605,17.50090071542539,0,0,go_long,go_short,0.063443
505.8214721431475,504.1785278568524,0,0,go_long,do_nothing,0.793482
2.0002812280290603,1.9997187719709397,0,0,go_long,do_nothing,0.81744961
211.1176749805826,209.8823250194174,0,0,go_long,go_short,0.5692424
613.0,613.0,0,0,go_long,do_nothing,-0.00100804
542.0342510385274,548.9657489614727,1,0,go_long,do_nothing,0.39397112
365.9674429564452,367.0325570435548,0,0,go_long,go_short,0.16297236
431.3500289631202,431.64997103687966,0,0,go_long,go_short,0.05509945
38.535372482964554,38.464627517035446,0,0,go_long,do_nothing,0.60016646
1382.8452990627113,1391.154700937289,0,0,go_long,do_nothing,1.85817225
251591.04962433912,282977.95037566085,1,0,go_long,go_long,0.23133396
3.999849357887998,4.000150642112002,0,1,go_short,go_short,0.7073388
0.5,0.5,0,1,go_short,do_nothing,0.112548
258.056496580747,318.94350341925303,1,1,go_short,do_nothing,0.0
55.860271043829094,52.1397289561709,0,1,go_short,do_nothing,0.0
578.568942514067,471.4310574859331,0,1,go_short,go_long,1.4591766
21.999555726084935,22.00044427391506,0,1,go_short,do_nothing,0.3031623
10.0,10.0,0,1,go_short,go_long,0.275522
166.17563894566067,175.82436105433933,0,1,go_short,do_nothing,0.0568264
159.67390321121664,163.32609678878336,1,1,go_short,go_short,0.2135428
9721.963386727688,10224.03661327231,0,1,go_short,go_long,0.05239
485.0,485.0,0,1,go_short,do_nothing,0.0
1526.9501427338512,1608.0498572661486,0,1,go_short,do_nothing,0.5573664
320.5,320.5,0,0,go_long,go_long,0.0195984
7500.0,7500.0,1,1,go_short,go_short,0.34164
1.5,1.5,0,1,go_short,do_nothing,1.1015179
122.99999999999999,122.99999999999999,1,1,go_short,go_short,0.0380808
1012.8010311493018,1008.1989688506983,0,1,go_short,go_short,0.173576
814.1422610681658,814.8577389318342,0,1,go_short,go_long,0.0
1295.593314030008,1305.4066859699922,0,1,go_short,go_short,0.1453312
336.9104671474,338.08953285260003,1,1,go_short,do_nothing,0.0349936
17.0,17.0,1,1,go_short,go_short,0.080096
2161.5,2161.5,1,1,go_short,go_short,0.0273168
650.108186999027,650.891813000973,1,1,go_short,go_short,0.0
144.80913903594316,139.19086096405687,0,1,go_short,go_long,0.0642416
8.5,8.5,1,1,go_short,go_short,0.2759778
2857.2498093785744,2844.7501906214256,1,1,go_short,go_long,0.0
364.24038461538464,367.7596153846154,0,1,go_short,go_long,0.2966328
200.04000000000002,199.95999999999998,0,1,go_short,go_long,0.2000142
10.031347962382444,9.968652037617554,1,1,go_short,go_long,0.079579
659.9081467564323,671.0918532435676,1,1,go_short,go_long,0.552571
234.05242522683994,233.9475747731601,0,1,go_short,go_long,0.158378
225.37066987841246,225.62933012158754,1,1,go_short,go_long,1.2427646
331.62415033986406,334.37584966013594,0,1,go_short,go_short,0.0263004
627.0,627.0,0,1,go_short,go_short,0.2943707
123.85626889810844,122.14373110189158,1,1,go_short,do_nothing,0.1351766
99.5,99.5,0,1,go_short,go_short,0.0130312
60.00430076697011,59.99569923302989,1,1,go_short,go_short,0.0
6.99346874327137,7.00653125672863,1,1,go_short,go_short,0.218834
7.0169815481879,6.983018451812101,1,1,go_short,go_long,0.0
533.6096217939429,526.3903782060571,0,1,go_short,go_long,0.1052702
14.0,14.0,1,1,go_short,go_short,0.2146074
21.5,21.5,1,1,go_short,go_long,1.3208216
16064.002814176414,16507.997185823588,1,1,go_short,go_short,0.1118787
113.49999999999999,113.49999999999999,0,1,go_short,go_short,0.0456314
25.5,25.5,0,1,go_short,do_nothing,0.1700624
1946.1785051459424,1898.8214948540576,1,1,go_short,go_short,0.01179
710.4191566718207,708.5808433281792,1,1,go_short,go_short,0.1017528
5.513961677038978,5.486038322961021,0,1,go_short,do_nothing,0.0
17.5,17.5,1,1,go_short,do_nothing,0.7833584
50.0,50.0,1,1,go_short,go_short,1.2409191
32.62607602282619,38.3739239771738,0,1,go_short,go_short,0.4648208
17.0,17.0,0,1,go_short,go_long,1.1831664
382.0820799753606,378.91792002463933,0,1,go_short,do_nothing,0.156496
627.3060386036536,643.6939613963464,1,1,go_short,go_short,0.0314495
6.0,6.0,1,1,go_short,do_nothing,0.1786975
25.0,25.0,0,1,go_short,go_long,0.2181315
15169.97234294745,15142.027657052546,0,1,go_short,do_nothing,0.2086865
44.491618458226824,44.50838154177317,0,1,go_short,go_long,0.075515
920.9125044279136,925.0874955720865,0,1,go_short,do_nothing,0.2404505
11.0,11.0,0,1,go_short,do_nothing,0.0
4375.743415319747,4392.256584680254,0,1,go_short,go_short,0.0
261.3767746323217,263.6232253676783,1,1,go_short,do_nothing,0.0640315
125.03251163193943,124.96748836806057,1,1,go_short,do_nothing,0.051747
76.0,76.0,1,1,go_short,go_long,0.1244365
1108.3114448747892,1109.6885551252105,0,1,go_short,go_long,0.2539325
1.0,1.0,1,1,go_short,go_long,0.0591222
1295.6052598933134,1292.3947401066866,0,1,go_short,go_short,0.7723068
148.07528230865748,147.92471769134252,1,1,go_short,go_long,0.0861282
996.7792777359008,1003.2207222640992,1,1,go_short,do_nothing,0.024342
372.0,372.0,1,1,go_short,do_nothing,0.0581244
702.5,702.5,1,1,go_short,go_long,0.3411822
400.0,400.0,0,1,go_short,go_short,0.0
5748.826427174107,5800.173572825895,1,1,go_short,go_long,0.7623854
1509.7431421446383,1498.2568578553614,0,1,go_short,go_long,0.1442112
48629.529316338354,48584.470683661646,0,1,go_short,go_short,0.0940576
246.16323958087133,247.83676041912867,1,1,go_short,go_long,0.0
519.479429815878,519.5205701841219,1,1,go_short,go_short,0.1772652
762.5405984667382,767.4594015332618,0,1,go_short,go_long,0.214039
125.0,125.0,0,0,go_long,go_short,0.17191192
5890.584139264991,5913.415860735011,0,0,go_long,do_nothing,0.4103341
1196.177197416456,1192.8228025835442,1,0,go_long,do_nothing,0.26604784
12512.498830213903,12190.501169786095,1,0,go_long,go_short,0.2009451
918.2979468406811,908.7020531593189,0,0,go_long,go_long,0.0
24524.719653179192,25064.28034682081,0,0,go_long,go_long,0.0
227.88624787775893,227.1137521222411,0,0,go_long,go_short,0.0167937
10466.109595959595,10416.890404040403,0,0,go_long,go_short,0.0385408
4772.340070151996,4751.659929848004,0,0,go_long,go_short,0.0
4514.149492259032,4461.850507740969,0,0,go_long,do_nothing,0.0190272
1088.358602504944,1087.641397495056,0,0,go_long,do_nothing,0.0
6878.272742173414,6808.727257826586,0,0,go_long,go_long,0.0181536
4230.064275279987,4236.935724720012,0,0,go_long,do_nothing,0.2317653
34.334664536741215,34.665335463258785,0,0,go_long,go_long,0.2004305
796.3669624785925,794.6330375214075,0,0,go_long,go_short,0.205443
31.0,31.0,0,0,go_long,go_long,0.0387324
2372.1115588013095,2382.8884411986905,0,0,go_long,go_long,0.0
210.0,210.0,0,0,go_long,go_long,0.0299251
390.0,390.0,0,0,go_long,go_long,0.1978815
99.0,99.0,0,0,go_long,go_long,0.0311976
204.0,204.0,0,0,go_long,go_long,0.008764
351.5,351.5,0,0,go_long,go_long,0.0143024
137.40049211173832,137.59950788826166,0,0,go_long,go_long,0.0030464
1100.0,1100.0,0,0,go_long,go_long,0.0673264
1471.9424823410695,1463.0575176589305,0,0,go_long,go_long,0.1555904
1060.799490229397,1057.2005097706033,0,0,go_long,go_long,0.0725922
292.0,292.0,0,0,go_long,go_short,0.0373761
50.0,50.0,0,0,go_long,go_long,0.0642357
737.5,737.5,0,0,go_long,go_short,0.0451872
291.0,291.0,0,0,go_long,go_long,0.045171
3.000822368421053,2.999177631578948,0,0,go_long,do_nothing,0.0045603
5.0,5.0,0,0,go_long,go_long,0.0297279
253.91478917558214,253.0852108244179,0,0,go_long,do_nothing,0.0
23290.90202573576,22815.097974264238,0,0,go_long,do_nothing,0.0
741006.6472670075,669809.3527329926,0,0,go_long,do_nothing,0.0
1381.3131197011064,1385.6868802988934,1,0,go_long,do_nothing,0.24854475
78927.16888374781,78972.83111625217,0,0,go_long,go_long,0.00613335
53.895696102223766,54.10430389777624,0,0,go_long,go_short,0.94061406
1287.2407045009784,1292.7592954990214,0,0,go_long,go_long,0.28246083
3303.3951360462315,3296.604863953768,1,0,go_long,go_short,1.0231154
843.0342292536612,839.965770746339,1,0,go_long,go_short,0.53967199
61204.30654925702,63050.69345074298,1,0,go_long,go_long,0.03548149
6.5,6.5,1,0,go_long,go_short,1.38306914
328.92873437357423,330.07126562642577,1,0,go_long,go_short,0.63030583
893.1116905693177,893.8883094306823,0,0,go_long,go_long,1.246146
13832.161260988181,13907.838739011822,1,0,go_long,go_long,2.03670159
51.89697232369513,52.103027676304876,0,0,go_long,go_short,0.03323346
1560.0972489978274,1557.9027510021729,0,0,go_long,go_short,0.01477014
77.5,77.5,0,0,go_long,do_nothing,0.0031592
14998.868347338934,15083.131652661063,0,0,go_long,go_short,0.60045222
676.9851632047478,681.0148367952522,1,0,go_long,do_nothing,0.058443
5.0,5.0,0,0,go_long,go_long,0.0824648
129.0,129.0,0,0,go_long,go_short,0.0572825
1313.2617433979901,1323.7382566020099,0,0,go_long,do_nothing,0.1603679
4105.875782821029,4110.124217178972,0,0,go_long,go_long,0.0544907
25.0,25.0,0,0,go_long,go_long,0.0324863
26.5,26.5,0,0,go_long,do_nothing,0.0
252.87744734288486,251.1225526571151,1,0,go_long,go_long,0.1323168
531.9403988348644,532.0596011651355,0,0,go_long,go_long,0.103009
237.5,237.5,0,0,go_long,do_nothing,0.0
3073.0649623727313,3041.9350376272687,0,0,go_long,go_long,0.062869
6006.144691452663,6514.855308547336,1,0,go_long,do_nothing,0.2103471
2120.6669225602154,2124.3330774397855,0,0,go_long,go_short,0.2959038
1270.6083102493074,1266.3916897506924,0,0,go_long,do_nothing,0.0
169.36117936117938,169.63882063882065,0,0,go_long,do_nothing,0.1582578
106862.29230446635,110369.70769553365,1,0,go_long,go_long,0.0716716
409.7226753670473,409.2773246329527,0,0,go_long,do_nothing,0.01716
35.52387999461859,35.476120005381404,0,0,go_long,go_short,0.0326092
338.5723445180594,338.42765548194063,0,0,go_long,go_short,0.00985089
1089.8388676032353,1092.1611323967645,0,0,go_long,go_short,0.555828
1374.5134783044393,1371.486521695561,1,0,go_long,go_short,0.1988844
185.70982839313572,186.29017160686428,1,0,go_long,do_nothing,-0.00151582
602.2070977151192,602.7929022848809,0,0,go_long,go_short,0.10570251
1.0,1.0,0,0,go_long,go_long,0.14152378
270.0255754475703,269.9744245524297,0,0,go_long,do_nothing,0.10228251
299.8058108233547,299.1941891766453,0,0,go_long,go_long,0.28209642
1043.3299341214693,1047.670065878531,0,0,go_long,go_short,0.22386111
3764.0140123955803,3761.9859876044193,0,0,go_long,go_short,0.05343195
62382.991617389045,62586.008382610955,0,0,go_long,go_long,0.28827827
65.5,65.5,1,0,go_long,do_nothing,0.03719375
106354.42915729595,113449.57084270407,1,0,go_long,go_short,0.3318644
751.6135972461274,748.3864027538725,0,0,go_long,go_long,0.0204414
279.60617572041025,279.39382427958975,0,0,go_long,do_nothing,0.1868125
669.8215052364536,672.1784947635465,1,0,go_long,go_long,0.06606041
306.95460114786874,306.0453988521313,1,0,go_long,go_long,0.01757331
4669.312891986063,4810.687108013936,1,0,go_long,go_long,0.93454564
10.504056664520284,10.495943335479716,0,0,go_long,go_long,0.13461604
72.00913589645985,71.99086410354016,0,0,go_long,go_long,0.1057407
14.0,14.0,0,0,go_long,go_long,0.0011025
139.27806951737935,138.72193048262065,0,0,go_long,do_nothing,0.04110325
17.008472464490406,16.991527535509594,0,0,go_long,go_long,0.0513715
80.0296479308215,79.97035206917852,0,0,go_long,go_long,0.01418275
405.34840850436274,404.6515914956372,0,0,go_long,do_nothing,0.089465
1.5,1.5,0,0,go_long,do_nothing,0.08750424
1967.735487731897,1967.2645122681029,0,0,go_long,go_long,0.0111816
543.3849243856333,542.6150756143668,0,0,go_long,do_nothing,0.2437392
1494.6073023377987,1495.3926976622013,1,0,go_long,go_long,0.14511471
1615.8322887400045,1608.1677112599957,0,0,go_long,do_nothing,-0.00095613
859.5294887168865,857.4705112831133,0,0,go_long,go_short,-0.01958924
115.63037028897922,116.36962971102078,0,0,go_long,go_short,-0.03588904
9.016817939135077,8.983182060864921,0,0,go_long,do_nothing,0.0
1170.161594398061,1137.838405601939,0,0,go_long,go_short,0.0169364
918.4776238678742,916.5223761321256,0,0,go_long,do_nothing,0.042796
10.502775574940523,10.497224425059477,1,0,go_long,do_nothing,0.008879
280.4797672573394,281.52023274266065,1,0,go_long,go_long,0.1569984
36.03747072599531,35.96252927400468,0,0,go_long,go_long,0.0431525
14.499999999999998,14.499999999999998,0,0,go_long,go_long,0.03073
270.0,270.0,0,0,go_long,do_nothing,0.0
1909.105242818498,1894.894757181502,0,0,go_long,go_long,0.08546
1206.1534546379949,1205.8465453620054,0,0,go_long,do_nothing,0.0
512.58693160107,511.41306839893014,0,0,go_long,do_nothing,0.0379175
1394.532249873032,1387.467750126968,0,0,go_long,go_short,0.120365
35.0,35.0,0,0,go_long,go_long,0.0226825
706.4546253294842,710.5453746705159,0,0,go_long,do_nothing,0.025095
1513.0,1513.0,0,0,go_long,do_nothing,0.4794816
4700.70517363572,4654.294826364281,0,0,go_long,go_long,0.5663037
231.98743386243387,233.01256613756615,1,0,go_long,do_nothing,0.0
366.13596733252405,366.86403266747607,0,0,go_long,do_nothing,0.0
1214.4347063978967,1216.5652936021033,0,0,go_long,do_nothing,0.467764
1106.5,1106.5,1,0,go_long,go_short,0.0
14066.962550294027,13641.037449705975,0,0,go_long,go_long,0.0
24997.68770685579,24903.312293144205,1,0,go_long,do_nothing,0.04709093
1671.1609287429942,1673.8390712570053,0,0,go_long,go_long,1.26025315
101100.97872340426,133140.02127659574,1,0,go_long,go_long,1.72868333
3892.248550635253,3904.7514493647463,0,0,go_long,go_short,0.05496275
12717.906891941171,12555.09310805883,0,0,go_long,go_long,0.15459768
318.26377532883043,317.7362246711696,0,0,go_long,go_long,0.68242018
117.0,117.0,0,0,go_long,do_nothing,0.00026444
1607.7476368432624,1616.2523631567376,0,0,go_long,go_short,0.02908598
672.6813646170442,672.3186353829557,0,0,go_long,go_short,0.0
34.56132554596242,34.438674454037574,1,0,go_long,go_short,0.8513945
14571.984672371953,14376.015327628049,0,0,go_long,go_short,-0.00195475
3036.0862269265526,3025.9137730734483,0,0,go_long,do_nothing,-0.00099554
586.7187243862148,587.281275613785,1,1,go_short,go_short,0.0236897
3087.6262590781794,3096.3737409218206,1,1,go_short,go_long,0.0642251
427.5968113511273,426.4031886488727,0,1,go_short,go_short,0.437251
96.9713181405369,97.0286818594631,0,1,go_short,go_short,0.1034174
2303.1915304414983,2301.808469558502,0,1,go_short,go_long,0.2075732
9.997911743694015,10.002088256305985,0,1,go_short,do_nothing,0.173733
854.1470822444792,857.8529177555208,1,1,go_short,go_long,1.0146638
1145.3771418364615,1149.6228581635387,0,1,go_short,go_long,0.9797448
35.94668699872436,36.05331300127564,1,1,go_short,go_short,0.186104
33.498493411486045,33.50150658851395,0,1,go_short,go_long,0.039538
11.4968649663779,11.503135033622101,0,1,go_short,go_long,0.0203836
21.004461305007585,20.995538694992412,0,1,go_short,go_short,0.068506
162.9649182142418,163.03508178575822,0,1,go_short,do_nothing,0.017166
12547.530762680937,12349.469237319061,1,1,go_short,go_long,0.3278733
328.1750484308407,326.8249515691592,0,1,go_short,go_long,0.1031328
1018.775300679511,1027.2246993204888,0,1,go_short,do_nothing,0.0016614
1459.3773932070217,1462.6226067929783,1,1,go_short,go_short,1.2683952
48.5,48.5,1,1,go_short,go_short,0.01535309
6.0001150814201045,5.9998849185798955,0,1,go_short,go_short,0.17223945
11.0,11.0,0,1,go_short,do_nothing,0.17787021
169.00339869281046,168.99660130718956,0,1,go_short,go_long,0.03662775
291.0764257863795,290.9235742136205,0,1,go_short,do_nothing,0.0560202
298.42095936449743,298.57904063550257,1,1,go_short,do_nothing,0.01250906
928.6385436078061,929.3614563921938,1,1,go_short,do_nothing,0.03301075
900.9827149302623,899.0172850697378,1,1,go_short,do_nothing,0.00691594
3391.8097784568367,3402.1902215431624,0,0,go_long,go_long,-0.00203396
10811.809722222222,10807.190277777778,0,1,go_short,do_nothing,0.3496452
1534.9446715182933,1523.0553284817065,0,1,go_short,go_long,0.69809341
1369.7258867308326,1364.2741132691674,1,1,go_short,go_long,0.3949773
1861.3298439284354,1855.6701560715644,1,0,go_long,go_short,0.09307568
28815.091023579094,28364.9089764209,1,1,go_short,go_long,-0.0003996
37.5,37.5,0,0,go_long,go_long,0.02845612
5816.752377838545,5802.247622161455,0,0,go_long,go_short,0.21632265
1299.634321125437,1309.3656788745632,0,0,go_long,do_nothing,0.0547927
1884.9443969204447,1885.055603079555,1,0,go_long,do_nothing,0.04590711
963.2949783448439,960.7050216551564,0,0,go_long,go_short,0.00929331
18.455016499739475,18.54498350026052,0,0,go_long,go_long,0.01893287
962.1565705771104,959.8434294228895,0,0,go_long,go_long,0.41321069
889.3778327152863,889.6221672847136,0,0,go_long,go_short,0.28132093
155.4293049501244,155.57069504987564,1,0,go_long,go_short,0.04900054
1658.5879700843363,1658.4120299156632,0,0,go_long,go_long,0.16201046
80.37159741652067,80.62840258347933,0,0,go_long,do_nothing,0.10437018
3.0,3.0,0,0,go_long,go_long,-0.00504224
18871.877706215517,18904.12229378448,0,0,go_long,go_long,0.08671877
1187.332176044116,1184.667823955884,0,0,go_long,do_nothing,0.0
102348.07324288484,100567.92675711517,0,0,go_long,do_nothing,0.01992218
16.0,16.0,0,0,go_long,go_short,0.10380195
2735.06710037638,2731.9328996236195,0,0,go_long,do_nothing,0.06662821
1653.5206195737965,1655.4793804262038,0,0,go_long,go_long,0.01306132
5544.175415380078,5513.8245846199225,0,0,go_long,do_nothing,0.01780446
11.0,11.0,0,0,go_long,go_short,0.16223724
545.8179089544773,544.1820910455227,0,0,go_long,go_short,0.26520136
15.0,15.0,1,0,go_long,do_nothing,0.31817598
38.5,38.5,0,0,go_long,do_nothing,0.01821896
1791.4712386009965,1807.528761399003,0,0,go_long,do_nothing,0.26888176
12.000253973629071,11.999746026370927,0,0,go_long,go_long,1.23878851
511.5,511.5,0,0,go_long,go_short,0.14574122
370.716341927922,367.283658072078,0,0,go_long,go_long,0.77687852
14.976482290068617,15.023517709931387,0,0,go_long,do_nothing,0.00939162
1499.5,1499.5,0,0,go_long,go_short,0.40505903
285.7970288226831,284.2029711773169,0,0,go_long,go_long,1.91995485
658.4296248797691,658.5703751202308,1,1,go_short,go_long,0.1005955
1528.8286428338586,1541.1713571661417,0,1,go_short,go_long,0.22269644
96.02151501568804,95.97848498431198,1,1,go_short,go_short,0.1240836
93.54261622607112,93.4573837739289,1,1,go_short,go_long,0.5948626
117.59411694935356,118.40588305064642,0,0,go_long,go_long,0.4335999
20.502280565135163,20.497719434864834,0,0,go_long,do_nothing,-0.0444353
5462.736028537455,5246.263971462545,0,0,go_long,go_short,0.0
5.489129171026688,5.510870828973311,0,0,go_long,go_short,0.296518
109.84814814814813,113.15185185185184,0,0,go_long,do_nothing,0.070024
10.001107051920735,9.998892948079265,0,0,go_long,go_long,-0.0008808
139.61971679897016,139.3802832010298,0,0,go_long,go_short,1.1442654
369.82599745123025,369.1740025487697,0,0,go_long,go_short,0.27021055
103.39870967741935,102.60129032258065,0,0,go_long,go_short,0.1652792
13.5,13.5,0,0,go_long,do_nothing,0.1608
2008.4439777278303,2028.5560222721701,0,0,go_long,go_short,0.00220275
1.0,1.0,0,0,go_long,go_long,0.139578
1.9996217136372234,2.0003782863627766,0,0,go_long,go_long,0.0839189
2.011002331002331,1.988997668997669,0,0,go_long,go_short,-0.00052985
53.80605277726567,53.19394722273432,0,0,go_long,do_nothing,0.11422297
127.35950669860706,123.64049330139295,0,0,go_long,go_long,0.16049
1.0,1.0,0,0,go_long,go_long,0.10516611
4.0,4.0,0,0,go_long,go_long,0.00868736
20.5,20.5,0,0,go_long,do_nothing,0.0429506
8024.40702461242,7645.592975387579,0,0,go_long,do_nothing,0.174436
2.0012757814161173,1.9987242185838825,0,0,go_long,go_short,0.0089804
59583.830174374525,60256.16982562548,1,0,go_long,do_nothing,0.0261876
1076.5503163603496,1080.4496836396506,1,0,go_long,go_long,0.153936
386.0,386.0,0,0,go_long,go_short,-0.0070182
5879.469387755102,5827.530612244897,0,0,go_long,do_nothing,0.0355224
6882.0,6882.0,0,0,go_long,go_short,0.1793188
808.0443118875162,811.955688112484,0,0,go_long,go_long,0.4330937
245.9926421404682,245.00735785953177,0,0,go_long,go_short,0.1658583
65.05912930474334,64.94087069525665,0,0,go_long,go_short,0.0026598
110.04999390318387,107.95000609681613,0,0,go_long,go_short,0.1429417
2.000689893066575,1.9993101069334256,0,0,go_long,go_short,-0.00195845
16.4979637171418,16.502036282858203,0,0,go_long,do_nothing,0.129632
64.81310163770472,65.18689836229528,0,0,go_long,go_long,0.0830593
398.85453882610284,399.1454611738973,0,1,go_short,do_nothing,0.4833563
1.0001294163323413,0.9998705836676589,0,1,go_short,go_long,0.07454606
573.1497256336555,572.8502743663445,1,1,go_short,go_long,0.28636445
1105.5,1105.5,0,1,go_short,go_short,0.41697499
1346.6118155619597,1347.3881844380405,0,1,go_short,go_long,0.18183473
239.0354862657758,238.9645137342242,0,1,go_short,go_long,0.36111182
107.91384124451535,108.08615875548463,0,0,go_long,go_long,0.35045264
11.043570108265262,10.956429891734736,0,0,go_long,do_nothing,-0.0003742
133.28980018283923,136.71019981716077,0,0,go_long,go_long,0.0898918
286.62662714267304,285.37337285732696,0,0,go_long,go_long,0.051873
19.0,19.0,0,0,go_long,go_long,0.1272015
10.512924667651275,10.487075332348727,0,0,go_long,go_long,-0.000391
32.457142857142856,31.542857142857137,0,0,go_long,do_nothing,-0.0003956
3717.0,3717.0,0,0,go_long,go_long,0.07915457
272.11170431211497,271.88829568788503,0,0,go_long,go_long,0.10438042
1644.9591078066915,1649.0408921933083,0,0,go_long,do_nothing,0.0425006
569.0,569.0,0,0,go_long,go_short,0.04821652
1233.2920437405733,1307.707956259427,1,0,go_long,go_long,-0.00110715
5.002893704584946,4.997106295415054,0,0,go_long,do_nothing,0.13549475
189.21442923521286,189.78557076478714,0,0,go_long,go_short,0.1583331
114.13992880815023,113.86007119184977,0,0,go_long,go_short,0.02800615
10.02315261431613,9.97684738568387,1,0,go_long,go_long,0.165664
68.75377600455971,68.24622399544029,0,0,go_long,go_short,0.00626968
43.4245882692857,43.57541173071429,1,0,go_long,do_nothing,0.108058
9.5377304964539,9.462269503546098,0,0,go_long,go_long,0.112736
54.02259099149351,53.97740900850648,0,0,go_long,go_long,0.0376
3.0074544450579377,2.9925455549420623,1,0,go_long,go_long,0.031574
0.5,0.5,0,0,go_long,go_long,0.115904
24.165876134977967,23.834123865022036,0,0,go_long,do_nothing,0.558622
141.98238868907353,142.01761131092644,0,0,go_long,do_nothing,0.0250342
318.6942916093535,320.3057083906465,0,0,go_long,go_long,0.08153914
300.5039224734656,301.49607752653435,1,0,go_long,go_long,0.0296478
967.5,967.5,0,0,go_long,go_long,-0.00498594
1953.5466648644995,1956.4533351355005,0,0,go_long,go_long,0.20093073
578.0792727272727,578.9207272727273,0,0,go_long,go_long,-0.00194337
2301.0803671663475,2295.9196328336525,0,0,go_long,go_long,0.69605809
69.47866134479582,69.52133865520416,1,0,go_long,go_long,0.01190112
60452.64382978724,60570.35617021276,0,0,go_long,go_long,0.28019347
1382.5580445688952,1376.4419554311048,0,0,go_long,go_long,0.69381942
6095.9083579901735,6130.091642009827,0,0,go_long,go_long,-0.00010705
213.34922316384177,213.6507768361582,0,0,go_long,go_long,0.1296058
72619.3859215941,79202.61407840588,1,0,go_long,go_long,0.4522365
1190.5205455726348,1185.4794544273652,0,0,go_long,go_long,0.21621591
45280.23171144345,45791.768288556545,1,0,go_long,go_long,-0.00101164
2611.3140332993544,2594.6859667006456,0,0,go_long,go_long,0.09175905
4974.258503853309,5012.741496146692,0,0,go_long,go_long,-0.02121905
263.3300310415429,262.66996895845716,1,0,go_long,go_long,0.01840748
143.0,143.0,1,0,go_long,go_long,0.07155083
1178.440533263282,1183.5594667367177,0,0,go_long,go_long,0.63925953
269.5686370898366,270.4313629101635,0,0,go_long,go_long,0.04736904
9690.303408888096,9910.696591111906,1,0,go_long,go_long,0.332352
1722.390629044784,1712.6093709552163,0,0,go_long,go_long,0.10891474
6.0,6.0,0,0,go_long,go_long,-0.002669
2102.7634935383057,2110.2365064616943,0,0,go_long,go_long,0.12152195
33.0,33.0,0,0,go_long,go_long,0.0448171
459.9619236818145,460.0380763181856,0,0,go_long,go_long,0.00359136
120.35154004106776,120.64845995893224,0,0,go_long,go_long,0.2596304
0.5,0.5,0,0,go_long,go_long,-0.00292832
4999.3242162508,4962.6757837492005,0,0,go_long,go_long,0.03326304
478.0758008246114,477.9241991753885,1,0,go_long,go_long,0.18074976
868.5673934973229,868.4326065026772,1,0,go_long,go_long,0.3963558
232.62121099277573,232.37878900722427,0,0,go_long,go_long,0.11276535
302.1869711769967,301.8130288230033,0,0,go_long,go_long,0.07522411
388.4284136915716,387.5715863084284,0,0,go_long,go_long,0.12196335
7814.232996680556,7890.767003319444,0,0,go_long,go_long,0.28999488
4194.872281949721,4190.127718050278,0,0,go_long,go_long,1.21916544
111.50000000000001,111.50000000000001,0,0,go_long,go_long,0.10171304
8867.712289001181,9031.287710998815,0,0,go_long,go_long,0.23942688
5.0,5.0,0,0,go_long,go_long,0.01684956
732.5742532604123,734.4257467395877,0,0,go_long,go_long,0.01488459
1044.3284740429995,1043.6715259570005,0,0,go_long,go_long,0.02101218
362.5,362.5,1,0,go_long,go_long,0.76373221
8327.97267497603,8277.02732502397,0,0,go_long,go_long,-0.00063091
1870.0657669644552,1867.9342330355444,0,0,go_long,go_long,0.00746985
3642.23968193866,3647.7603180613405,0,0,go_long,go_long,0.00187767
15504.582905184492,15455.417094815506,0,0,go_long,go_long,0.4297238
28.989641007322735,29.010358992677265,0,0,go_long,go_long,0.17931596
2314.0287481487935,2303.9712518512065,0,0,go_long,go_long,0.35814958
233.15657879850664,233.84342120149338,0,0,go_long,go_long,0.07748953
4353.044919608818,4342.9550803911825,1,0,go_long,go_long,0.04237569
88.0,88.0,0,0,go_long,go_long,0.54457721
453.5350742447517,454.4649257552484,0,0,go_long,go_long,0.01246024
63.516215526046985,63.48378447395301,0,0,go_long,go_long,0.17433089
126.0,126.0,0,0,go_long,go_long,0.00038766
475.6413862380714,476.3586137619287,1,0,go_long,go_long,0.03775021
225.0,225.0,0,0,go_long,go_long,0.16483
250.0,250.0,0,0,go_long,go_long,0.17389365
110.0,110.0,0,0,go_long,go_long,0.01319016
696.8358244937318,696.1641755062681,0,0,go_long,go_long,0.0821676
13050.94834563199,13082.051654368008,0,0,go_long,go_long,0.04770028
789414.1716684155,799081.8283315845,1,0,go_long,go_long,1.59443843
185700.82238659653,198471.17761340344,0,0,go_long,go_long,-0.01717458
984.4937637564196,975.5062362435802,0,0,go_long,go_long,-0.00097974
1502.9770575382374,1485.0229424617628,1,0,go_long,go_long,0.1988527
23.008153137185396,22.991846862814604,0,0,go_long,go_long,0.90073758
557.7188127330083,556.2811872669918,0,0,go_long,go_long,0.0488096
79.65546461939596,79.34453538060404,0,0,go_long,go_long,0.09720225
2710.5,2710.5,0,0,go_long,go_long,0.16617888
26.103296856485677,25.896703143514326,1,0,go_long,go_long,0.11309396
786.074025387175,801.925974612825,1,0,go_long,go_long,0.427426
291.1200521257534,292.8799478742466,1,0,go_long,go_long,0.097438
298.34132079329385,298.6586792067062,1,0,go_long,go_long,1.050544
156.22831162447775,157.77168837552222,1,0,go_long,go_long,0.515148
1901.737160120846,1913.2628398791542,1,0,go_long,go_long,0.359531
671.5730275128191,673.4269724871808,1,0,go_long,go_long,0.01916318
50.95210209380697,51.04789790619303,0,0,go_long,go_long,0.0909826
1661.393608303742,1653.6063916962578,0,0,go_long,go_long,0.00036103
547.4214723593554,550.5785276406446,1,0,go_long,go_long,0.06412129
92.47019334049409,92.52980665950591,1,0,go_long,go_long,0.01118441
180.76062891063694,180.2393710893631,0,0,go_long,go_long,0.24960121
34.00353173366573,33.99646826633427,1,0,go_long,go_long,0.16134391
823.1352013474201,819.8647986525799,0,0,go_long,go_long,0.0064272
104.54241932210272,104.45758067789731,0,0,go_long,go_long,-8.83e-05
9546.820565962535,9597.179434037465,1,0,go_long,go_long,0.06900532
361.2561696759442,360.7438303240558,0,0,go_long,go_long,0.0555865
53.01237450385244,52.98762549614756,0,0,go_long,go_long,0.01522305
24.000000000000004,24.000000000000004,0,0,go_long,go_long,0.1262852
785.5089690944457,784.4910309055543,0,1,go_short,go_long,0.0105204
4.5,4.5,0,0,go_long,go_long,0.01958437
1522.9731138750278,1520.026886124972,1,0,go_long,go_long,0.22763871
9.5,9.5,0,0,go_long,go_long,0.1052997
9.5,9.5,0,0,go_long,go_long,0.0084845
61.6129715981348,61.387028401865194,1,0,go_long,go_long,0.0880655
64.99546311160746,65.00453688839254,0,0,go_long,go_long,0.1006656
3.0,3.0,0,0,go_long,go_long,0.3712163
1170.2012562325972,1162.7987437674026,0,0,go_long,go_long,0.9100925
5.497784682662984,5.502215317337016,0,0,go_long,go_long,0.15183325
58.10122164048867,57.89877835951135,0,0,go_long,go_long,-0.00377172
106.05258806019513,105.94741193980487,1,0,go_long,go_long,0.628111
1877.0413318976227,1882.9586681023773,1,0,go_long,go_long,0.007856
6088.2290541932825,6097.770945806717,1,0,go_long,go_long,0.770982
553.209003485491,552.7909965145088,1,0,go_long,go_long,0.669488
207.28688805203697,207.713111947963,0,0,go_long,go_long,0.73760379
2756.6750297936396,2788.32497020636,0,0,go_long,go_long,0.12620268
2441.722270256917,2459.277729743083,0,0,go_long,go_long,0.0634836
184.0,184.0,0,0,go_long,go_long,0.04849296
2993.4035871731385,2991.596412826861,0,0,go_long,go_long,0.07889964
179.5,179.5,0,0,go_long,go_long,0.8316006
986.6857237095267,988.3142762904731,0,0,go_long,go_long,0.07458792
752.0000416250416,800.9999583749584,1,0,go_long,go_long,0.735932
429.0773530251724,431.9226469748276,1,0,go_long,go_long,0.651224
73.23927569707969,73.76072430292031,1,0,go_long,go_long,1.050792
21.725814963666625,22.274185036333375,1,0,go_long,go_long,0.478141
218.22834484732041,221.77165515267953,1,0,go_long,go_long,0.958624
296.9268874717136,304.0731125282864,1,0,go_long,go_long,0.007902
8.993294701986754,9.006705298013244,0,0,go_long,go_long,0.724081
989.2171240395171,988.782875960483,0,0,go_long,go_long,0.16362368
75.82087126137841,76.17912873862159,1,0,go_long,go_long,0.975595
111.90264175788002,114.09735824211998,1,0,go_long,go_long,0.295562
393.1005504587156,395.8994495412844,1,0,go_long,go_long,0.051476
189.04621780241277,188.9537821975872,0,0,go_long,go_long,0.0
10.97038427021294,11.02961572978706,0,0,go_long,go_long,1.34815
1234.133896996057,1239.866103003943,1,0,go_long,go_long,0.81668
2005.7630370280046,2027.2369629719954,1,0,go_long,go_long,0.569929
8289.837688577587,8321.162311422415,1,0,go_long,go_long,0.992192
784.9210557392537,788.0789442607463,1,0,go_long,go_long,0.886196
410.28470701351426,409.71529298648574,0,0,go_long,go_long,0.300928
582.1090610063216,585.8909389936783,1,0,go_long,go_long,1.086515
7.999629509563284,8.000370490436715,0,0,go_long,go_long,0.032478
281.99926107236877,280.0007389276313,0,0,go_long,go_long,0.006254
33.993755165763616,34.006244834236384,0,0,go_long,go_long,0.299922
10.5,10.5,1,0,go_long,go_long,0.704924
215.26773679696117,216.73226320303885,1,0,go_long,go_long,0.0
768.1058001552624,765.8941998447376,0,0,go_long,go_long,0.1649472
311.1611580620868,311.8388419379131,1,0,go_long,go_long,0.03249203
8431.643522833177,8396.356477166823,0,0,go_long,go_long,0.30091245
1137.288591359136,1133.711408640864,0,0,go_long,go_long,0.16836115
93956.85045690293,95548.14954309705,1,0,go_long,go_long,0.484056
2462.3076923076924,2457.6923076923076,0,0,go_long,go_long,0.0
2753.631388564761,2743.3686114352395,0,0,go_long,go_long,0.0
25764.84055600981,25531.159443990193,0,0,go_long,go_long,0.2250314
18.0,18.0,0,0,go_long,go_long,0.2774178
510.0,510.0,0,0,go_long,go_long,0.0273966
1507.3357015985791,1496.664298401421,0,0,go_long,go_long,0.0
25394.30702389573,23722.692976104274,0,0,go_long,go_long,0.0
833.2972522897584,832.7027477102414,0,0,go_long,go_long,0.0383847
323.5,323.5,0,0,go_long,go_long,0.4498248
5726.630432091123,5660.369567908876,1,0,go_long,go_long,0.0
55.0,55.0,0,0,go_long,go_long,0.0
7695.737689393939,7732.262310606061,0,0,go_long,go_long,0.1713247
152.0,152.0,0,0,go_long,go_long,0.1085656
1119.7168626555542,1109.2831373444458,0,0,go_long,go_long,0.1391016
246.0,246.0,0,0,go_long,go_long,0.0290356
467.00000000000006,467.00000000000006,0,0,go_long,go_long,0.0
2877.843248777159,2820.1567512228416,0,0,go_long,go_long,0.0181478
462.0,462.0,0,0,go_long,go_long,0.0181126
10.5,10.5,0,0,go_long,go_long,0.0070796
1069.364887928092,1068.635112071908,0,0,go_long,go_long,0.0
1667.8990711372905,1655.1009288627097,0,0,go_long,go_long,0.1541056
5807.343497757847,5760.656502242152,0,0,go_long,go_long,3.15e-05
629.1325231481482,635.8674768518518,0,0,go_long,go_long,0.0
500.4336513443192,499.5663486556808,0,0,go_long,go_long,0.0
93664.64566430019,90260.3543356998,0,0,go_long,go_long,0.0023064
2792.424289606851,2781.575710393149,0,0,go_long,go_long,0.0
1.5011754169931715,1.4988245830068287,0,0,go_long,go_long,0.01551511
82.46307072515667,82.53692927484333,0,0,go_long,go_long,-0.00102419
106.33080695497102,105.669193045029,0,0,go_long,go_long,0.03414268
466.74241588527303,467.25758411472697,0,0,go_long,go_long,0.33021515
1956.5,1956.5,0,0,go_long,go_long,0.069783
4394.948885149348,4419.051114850652,1,0,go_long,go_long,0.22148784
0.5,0.5,0,0,go_long,go_long,0.92248343
210477.3981851738,227660.60181482625,0,0,go_long,go_long,0.09398303
80.87252124645892,81.12747875354108,1,0,go_long,go_long,0.05987856
440.8966486993204,441.10335130067955,0,0,go_long,go_long,1.35003495
571.7228858422696,573.2771141577305,0,0,go_long,go_long,-0.00171409
10305.738029039234,10261.261970960768,0,0,go_long,go_long,0.32086946
233.4586181512251,234.54138184877482,0,0,go_long,go_long,0.151792
438648.66219102836,463140.33780897164,1,0,go_long,go_long,-0.03481738
11613.567720262636,12043.432279737366,1,0,go_long,go_long,0.3058485
31166.236803302865,30655.763196697142,0,0,go_long,go_long,0.1879864
2202.157600114827,2221.8423998851727,0,0,go_long,go_long,0.0
46657.460392834015,46476.53960716598,1,0,go_long,go_long,0.478846
522.3474292668087,518.6525707331913,0,0,go_long,go_long,0.0324121
12.5,12.5,1,0,go_long,go_long,0.015295
0.5,0.5,0,0,go_long,go_long,0.2562473
250.0,250.0,0,0,go_long,go_long,0.2710062
42953.98354446911,43530.01645553089,1,0,go_long,go_long,0.09091
433.5,433.5,0,0,go_long,go_long,0.006035
722.0,722.0,0,0,go_long,go_long,0.08589
314.5,314.5,0,0,go_long,go_long,0.1008147
818.0818803796071,815.9181196203926,0,0,go_long,go_long,0.0
11996.907738095239,11645.092261904761,0,0,go_long,go_long,0.0
11.99818099135971,12.001819008640291,0,0,go_long,go_long,0.07470663
6550.102602047109,6567.897397952892,0,0,go_long,go_long,0.123668
18.0,18.0,0,0,go_long,go_long,0.00943748
356.45237140948564,356.54762859051436,0,0,go_long,go_long,0.16100154
28418.7004630758,28294.2995369242,0,0,go_long,go_long,-0.00016842
1601.1370859143549,1602.8629140856453,1,0,go_long,go_long,0.08223687
161677.16153319646,195675.83846680357,1,0,go_long,go_long,1.0716189
229.83454810495624,229.1654518950437,0,0,go_long,go_long,0.03034184
2529.0042584706534,2514.995741529346,0,0,go_long,go_long,-0.00279252
27.0,27.0,0,0,go_long,go_long,0.1183778
20309.961172440046,20434.03882755995,1,0,go_long,go_long,0.11198207
24.0,24.0,0,0,go_long,go_long,0.11144952
72420.84557772569,73682.15442227431,0,0,go_long,go_long,2.0492098
6616.30604263908,6634.693957360918,0,0,go_long,go_long,-0.006747
1677.427304964539,1665.572695035461,0,0,go_long,go_long,0.0106845
441.0,441.0,0,0,go_long,go_long,0.01159375
34743.67113870718,34921.32886129283,0,0,go_long,go_long,0.6019482
271.270256793817,270.729743206183,0,0,go_long,go_long,0.13698944
117.99999999999999,117.99999999999999,0,0,go_long,go_long,0.022774
219.50000000000003,219.50000000000003,0,0,go_long,go_long,0.22110371
443.7221526908636,444.27784730913646,0,0,go_long,go_long,0.98386
8570.860513012545,8396.139486987455,0,0,go_long,go_long,0.3761748
330.02995555555555,330.97004444444445,0,0,go_long,go_long,0.2440061
1.0,1.0,0,0,go_long,go_long,0.0315225
2516.9201475255168,2519.0798524744832,0,0,go_long,go_long,0.299455
299.81873111782477,300.1812688821753,0,0,go_long,go_long,0.11342136
1236.0,1236.0,0,0,go_long,go_long,0.1538816
408.7002123835975,408.29978761640257,0,0,go_long,go_long,0.0139792
4.0,4.0,0,0,go_long,go_long,0.0
4657.701030927836,4613.298969072165,0,0,go_long,go_long,0.0394544
859.7181467181467,852.2818532818533,1,0,go_long,go_long,0.292956
142.0,142.0,0,0,go_long,go_long,0.03891654
27.036417588346374,26.96358241165363,0,1,go_short,go_long,3.5921648
5520.757837406467,5587.242162593532,1,1,go_short,go_long,3.9199486
8935051.959993897,9000985.040006103,0,1,go_short,go_long,2.42209236
10175366.874265436,9996531.125734564,0,1,go_short,go_long,2.01880673
10710740.086531831,10822834.913468169,1,1,go_short,go_long,2.7240452
1542544.581058894,1523050.418941106,1,1,go_short,go_long,2.76947253
338806.2342390297,344236.7657609703,0,1,go_short,go_long,3.1609283
760.2411932719771,759.7588067280229,0,1,go_short,go_long,2.6062322
150.0,150.0,1,1,go_short,go_long,3.1733712
8763.504689540545,8811.495310459455,1,1,go_short,go_long,4.13490401
64.76548777593165,74.23451222406837,1,1,go_short,go_long,-7.4823632
4793.777354900095,4821.222645099904,1,1,go_short,go_long,-9.52213632
3631.343108504793,3586.6568914952063,1,0,go_long,go_long,-8.81555066
2100.7233895969684,2099.2766104030316,1,1,go_short,go_long,-9.35015169
198.59315932537808,205.4068406746219,0,1,go_short,go_long,-8.8051581
49.652118912080965,50.34788108791904,1,1,go_short,go_long,-8.0788098
5757936.354726511,5819981.64527349,1,1,go_short,go_long,-9.13399566
4433046.659668431,4447971.340331569,1,1,go_short,go_long,-8.98542128
3.5281054823039555,4.471894517696044,1,1,go_short,go_long,-8.7197952
6811205.436210318,6760689.5637896815,1,1,go_short,go_long,-9.46646705
228691.877560631,213055.12243936895,0,1,go_short,go_long,-6.22028837
376.5355851380886,377.4644148619114,1,0,go_long,go_long,-3.62864058
111578.74552646451,104615.25447353552,0,0,go_long,go_long,-4.87186605
37147.05767935962,40660.94232064038,1,0,go_long,go_long,-3.196776
1997.7670233196159,1996.232976680384,0,0,go_long,go_long,-4.02029
59038.851500686585,62939.14849931341,0,0,go_long,go_long,-4.26646728
234172.7733001953,204356.2266998047,0,0,go_long,go_long,-4.170344
2646.521526543053,2640.4784734569466,0,0,go_long,go_long,-5.79298993
425.0403627877373,423.9596372122627,0,0,go_long,go_long,-5.79759534
213.5087089537027,213.49129104629733,0,0,go_long,go_long,-3.30960512
510.51404667186154,512.4859533281384,0,0,go_long,go_long,-4.33743815
114.50000000000001,114.50000000000001,0,0,go_long,go_long,-5.1694111
14441.455330712866,14603.544669287137,0,0,go_long,go_long,-3.35193047
24040.05382561342,24613.946174386576,0,0,go_long,go_long,-4.3436428
5405.063957863054,5396.936042136945,0,0,go_long,go_long,-3.08794589
451.09677994599275,449.90322005400725,0,0,go_long,go_long,-4.1889795
2971.446114212108,2976.553885787892,1,0,go_long,go_long,-2.96525764
174.72975954114276,175.2702404588573,1,0,go_long,go_long,-2.86485069
6285.591854557001,6519.408145442997,1,0,go_long,go_long,-2.765567
48.026910857783584,47.97308914221641,0,0,go_long,go_long,-4.09692873
103.34236978373438,103.65763021626562,0,0,go_long,go_long,-3.64051907
589094.1659192824,616116.8340807175,0,0,go_long,go_long,-7.72273029
7256.27562845427,7163.724371545731,0,0,go_long,go_long,-4.17304751
324686.5344467641,351508.46555323596,0,0,go_long,go_long,-5.00624153
1232846.7756507676,1153043.2243492324,0,0,go_long,go_long,-7.35296192
30730.734203406017,30976.265796593983,1,0,go_long,go_long,-5.98262865
107115.86459175425,108598.13540824577,0,0,go_long,go_long,-3.31331595
441.04763250883394,436.9523674911661,0,0,go_long,go_long,-2.28502518
3343097.7575685056,3438035.2424314944,0,0,go_long,go_long,-4.28005197
154144.04637285825,158271.95362714175,0,0,go_long,go_long,-3.92128312
2740781.243591096,2385474.7564089037,0,0,go_long,go_long,-5.90989056
2000.4378286421277,1990.5621713578719,0,1,go_short,go_long,-8.73695609
7352.96314040646,7311.03685959354,0,0,go_long,go_long,-3.9563055
203.08502024291496,202.914979757085,1,0,go_long,go_long,-3.7066315
268333.4400271064,221123.55997289365,0,0,go_long,go_long,-4.98154118
951.3497609415225,950.6502390584774,0,0,go_long,go_long,-3.73801415
12028.557450783655,14303.442549216345,0,0,go_long,go_long,-4.52126171
132348.0611163081,129975.93888369192,0,0,go_long,go_long,-5.24330249
2543.59136054745,2557.4086394525493,0,0,go_long,go_long,-4.74491423
966.8748415142185,965.1251584857816,0,0,go_long,go_long,-4.34283487
35.836963888082444,34.16303611191755,0,0,go_long,go_long,-1.88969491
9524.471401151632,9340.528598848367,1,0,go_long,go_long,-5.07108095
751.1689539493749,753.8310460506252,0,0,go_long,go_long,-3.24637783
42.0029772453392,41.99702275466081,0,0,go_long,go_long,-3.66104732
1086.5009438315367,1081.4990561684635,0,0,go_long,go_long,-3.88693857
2141.0995592360096,2141.900440763991,1,0,go_long,go_long,-3.97763432
105.73853787212663,105.2614621278734,0,0,go_long,go_long,-2.8472651
17313.325547445256,17843.674452554744,1,0,go_long,go_long,-3.68572664
226863.12502906303,251615.87497093697,1,0,go_long,go_long,-3.26512681
48045.78960943257,49483.21039056743,0,0,go_long,go_long,-6.08445938
128.42221000549753,127.5777899945025,0,0,go_long,go_long,-4.46926844
9019.421263391829,9138.578736608173,0,0,go_long,go_long,-4.44393718
19858.183845183008,19774.816154816996,1,1,go_short,go_long,-8.76736806
3107.2694881617203,3076.7305118382787,0,0,go_long,go_long,-4.466493
44234.67944831766,46317.32055168232,0,0,go_long,go_long,-3.1005828
203.33766822924542,202.66233177075458,1,0,go_long,go_long,-5.02173619
41850.54120817426,42475.45879182573,1,0,go_long,go_long,-5.4035844
1655.1209374412924,1634.8790625587076,1,0,go_long,go_long,-3.45510762
99.02305572360018,97.9769442763998,0,0,go_long,go_long,-6.2194923
5666.069502523433,5605.930497476568,0,0,go_long,go_long,-3.334198
1220.7158027812895,1226.2841972187105,0,0,go_long,go_long,-2.8360488
1329.359661546951,1332.6403384530486,1,0,go_long,go_long,-3.89198298
525.6445906626108,523.3554093373893,0,0,go_long,go_long,-7.2461487
361.00000000000006,361.00000000000006,0,0,go_long,go_long,-3.869425
3310.7611393119005,3318.238860688099,1,0,go_long,go_long,-2.7542214
57223.59894809163,57960.40105190835,0,0,go_long,go_long,-3.363908
383.6659095825222,383.33409041747785,1,0,go_long,go_long,-2.68799857
7147.728199690024,7456.271800309976,1,0,go_long,go_long,-4.721388
