open,high,ema-26,ema-12,low,mean-grad-hist,close,volume,sma-25,long_jcrosk,short_kdj,sma-compare,ask,bid,is_short,predicted_action,reward
7.555,7.59,7.63250178275793,7.778428635898984,7.432,1,7.472,10915.0,7.737480000000033,0,0,1,5427.356092367073,5487.643907632927,0,go_short,-1.01586415
0.2359,0.2364,0.2404546677433032,0.2484520750626877,0.2279,1,0.2293,1666053.0,0.250244000000001,0,0,1,821207.9812983663,844845.0187016337,0,go_long,0.15264496
466.92,467.88,468.2751016295108,469.2996436365943,464.36,1,465.26,55118.0,468.7404000000026,0,0,1,27509.923705722067,27608.07629427793,0,do_nothing,-0.19553433
0.9484,0.9514,0.9620784819538448,0.9776285254073342,0.9165,1,0.9268,521270.0,0.9748160000000232,0,0,1,257632.80503412968,263637.1949658703,0,go_short,0.61140345
722.6,722.85,722.984388246821,724.8843882878194,713.8,1,716.2,646272.0,725.3160000000018,0,0,1,321698.6422018348,324573.35779816506,0,do_nothing,-0.29718814
3.072,3.072,3.1389588541626727,3.1584432030884275,2.815,1,2.98,12133.0,3.1568400000002,0,0,1,5974.279576999339,6158.720423000662,0,do_nothing,-1.76603776
361.26,365.43,357.3015851565263,351.3147975024909,360.57,0,365.02,17185.0,349.2607999999961,0,0,0,8636.983945585724,8548.016054414275,1,go_short,1.4589528
10.136,10.155,10.314507240971531,10.359504954856993,9.87,1,9.924,434851.0,10.396519999999931,0,0,1,215127.68315054837,219723.31684945163,0,go_long,-0.83858726
0.4189,0.4216,0.4143314928745509,0.410524856333075,0.4182,0,0.4214,4812.0,0.4085599999999935,0,0,0,2413.1581578007854,2398.841842199214,1,go_long,1.10151643
107061.4,107774.9,106706.00376093498,105993.10766945269,107060.5,1,107677.7,4674642.0,105588.71999999994,1,0,0,2344029.098023602,2330612.9019763987,1,do_nothing,1.31530957
1237.6,1280.3,1342.4041030244216,1381.7315065246887,1156.9,1,1258.65,281311.0,1393.6080000000024,0,0,1,141841.59845768654,139469.40154231346,0,do_nothing,-4.9704418
20.506,20.756,20.86594871231183,21.02037747219602,20.27,0,20.756,1649.0,21.077399999999983,0,0,1,829.4955164558189,819.5044835441811,0,do_nothing,-4.02994746
0.2588,0.2588,0.2615910910189341,0.2641780404841283,0.2518,1,0.2518,25359.0,0.265316,0,0,1,12505.672150411285,12853.327849588719,0,do_nothing,-3.48675779
17.72,17.75,17.878166446888756,18.03803947769929,17.505,1,17.557,155603.0,18.03787999999992,0,0,1,77442.01238767468,78160.9876123253,0,go_long,-3.56806288
614.284,622.52,632.7003975731676,641.1370820437882,605.099,0,621.974,1096388.0,645.38272,0,0,1,551603.9774157174,544784.0225842826,0,go_short,-3.92682603
390.013,398.385,417.8652510993692,429.6831953096735,359.61,1,390.35,4132803.0,427.8411200000006,0,0,1,2067293.8761191908,2065509.123880809,0,go_short,-4.01544029
13.1191,13.1191,12.804570486612633,13.206725846463094,9.7299,1,10.3376,91046.0,13.353552000000215,0,0,1,40124.87389956814,50921.12610043186,1,go_long,-4.02390349
358.644,360.0,362.96883361598,366.1527505116102,357.125,1,358.886,519146.0,366.5381199999991,0,0,1,259660.5456998314,259485.45430016864,0,go_long,-3.54207765
3.576,3.576,3.623264130379166,3.653110197242996,3.542,1,3.548,353.0,3.651439999999999,0,0,1,175.80628860190902,177.19371139809095,0,do_nothing,-2.797398
2.352,2.364,2.4348958288232634,2.551423469157387,2.08,1,2.096,54025.0,2.5779599999999965,0,0,1,25457.823741007192,28567.1762589928,0,go_short,-3.305468
13.812,13.812,14.031336398523466,14.548226052963862,12.105,1,12.186,163471.0,14.641599999999965,0,0,1,76623.49434571891,86847.5056542811,0,do_nothing,-3.92815534
288.05,288.1,292.7217262124897,295.3185694177616,279.75,1,283.05,122730.0,296.45999999999896,1,0,1,60827.747329714584,61902.25267028541,0,do_nothing,-3.3535581
15.21,15.31,15.632736165432288,15.772336125286625,15.119,1,15.31,4008.0,15.827840000000004,0,0,1,2010.5661861074705,1997.4338138925293,0,go_long,-3.6358074
175.3,175.3,173.8664663750503,174.22271854077923,165.95,1,169.9,291928.0,174.2699999999988,1,0,1,143680.6697566628,148247.3302433372,0,go_long,-3.3461275
0.2597,0.2606,0.270206497697333,0.2781016039324921,0.2544,0,0.257,1617567.0,0.284208,0,0,1,804557.22663054,813009.77336946,0,go_short,-3.67115784
0.332,0.333,0.340716362042228,0.3500579790423924,0.329,1,0.33,13471.0,0.3520400000000014,0,0,1,6715.151057401813,6755.848942598187,0,go_long,-3.4378132
0.473,0.473,0.4797361811869839,0.4846228429103817,0.463,1,0.464,32257.0,0.4845600000000008,0,0,1,15973.583778014941,16283.416221985057,0,go_short,-3.63225654
0.767,0.767,0.789381319072385,0.8003187327218358,0.762,1,0.766,27127.0,0.8021599999999998,0,0,1,13554.652315720808,13572.347684279192,0,do_nothing,-3.68231868
1.852,1.852,1.86123564234562,1.867158803973504,1.816,1,1.835,52532.0,1.870559999999996,0,0,1,26144.8928668294,26387.1071331706,0,go_short,-3.75252436
1.30694,1.69584,1.5321889883254791,1.6350054076312412,0.99849,1,1.23214,96970.0,1.6698996000000066,0,0,1,47056.6566630433,49913.343336956685,0,go_long,-4.8802764
2.964,2.964,2.9965829686037866,3.008451537201451,2.653,1,2.835,741695.0,3.025519999999996,0,0,1,362597.91774443875,379097.0822555613,0,go_short,-3.80206462
0.7319,0.7444000000000001,0.7539911741673482,0.763079797483471,0.7126,1,0.7173,4727925.0,0.7668640000000008,0,0,1,2340146.7033535745,2387778.2966464255,0,do_nothing,-3.27620161
3.01,3.012,2.999229674429611,3.0292292823508333,2.915,1,2.915,24487.0,3.0393600000000003,0,0,1,12047.190717299578,12439.809282700422,0,go_long,-3.9055052
4.777,4.777,4.901669460141092,4.914987452128851,2.36,1,4.442,30142.0,4.949599999999997,0,0,1,14523.35003796507,15618.649962034926,0,go_long,-3.81422391
4.586,4.623,5.009294025713271,5.305544766470498,3.4,1,4.02,306.0,5.407879999999998,0,0,1,142.93748547524982,163.06251452475018,0,do_nothing,-3.91498416
6.276,6.298,6.366622230023796,6.608327635327634,6.276,0,6.298,187.0,6.606159999999999,0,0,1,93.6635915380945,93.3364084619055,0,go_short,-3.97812128
0.85243,0.85304,0.8580575837926151,0.8633995147638882,0.84038,1,0.8427600000000001,50499.0,0.8649828000000229,0,0,1,25105.46737533846,25393.532624661537,0,go_long,-3.3210235
0.4577,0.46,0.4619990242674596,0.4636399383637836,0.4425,1,0.4479,722504.0,0.4619360000000009,0,0,0,357342.6916961131,365161.30830388697,0,do_nothing,-4.00721631
0.3883,0.3897,0.3936718129404429,0.3997785684245016,0.3838,1,0.3857,218983.0,0.4011600000000011,0,0,1,109123.69909560723,109859.30090439276,0,go_short,-3.78651593
7.124,7.124,7.300653072719855,7.413452808149403,7.017,1,7.038,62505.0,7.46900000000002,0,0,1,31062.716424233866,31442.283575766138,0,do_nothing,-3.3315732
0.1161,0.1161,0.1150962974716983,0.1186087810591444,0.0899,1,0.096,166385.0,0.1201919999999948,0,0,1,75308.62800565771,91076.37199434229,1,go_long,-3.39753687
287.35,287.35,299.091803749341,307.5532980824806,267.7,1,275.95,174110.0,311.23399999999964,1,0,1,85293.19101721996,88816.80898278007,0,do_nothing,-3.2625867
7.503,7.526,7.657659966402869,7.725379425228996,7.4,1,7.471,9929.0,7.74312000000001,0,0,1,4953.8906771737675,4975.109322826232,0,do_nothing,-2.94801
45491.4,45895.3,45412.81715613955,45337.93689745663,45469.8,0,45760.1,9986460.0,45347.92799999986,0,0,0,5007933.110644757,4978526.889355243,1,do_nothing,-3.55305116
111.75,112.25,113.67421122182805,114.99194879098164,109.75,1,111.0,223260.0,115.70199999999876,0,0,1,111254.14141414141,112005.85858585859,0,do_nothing,1.5262944
126.1,126.2,126.99792082295384,127.98597390118762,121.55,1,123.9,198203.0,128.25799999999873,0,0,1,98229.40680000001,99973.59319999999,0,go_long,-0.9341213
115.1,121.3,113.7380174136604,111.88172850108458,114.8,0,120.45,665554.0,110.95599999999872,0,0,0,340335.29738908936,325218.7026109106,0,go_long,0.1481648
107.15,107.15,107.13679032449488,107.65313772307374,105.4,1,106.25,71174.0,107.76399999999876,0,0,1,35436.914245548265,35737.085754451735,0,go_short,0.718264
109.15,109.25,112.20583292284655,112.73493306348136,104.95,1,106.9,1019177.0,112.88799999999874,0,0,1,504281.5149271002,514895.48507289984,0,go_short,-0.1034096
108.5,108.5,109.15594069250363,109.99226167314472,105.45,1,106.6,530849.0,110.14999999999876,0,0,1,263079.9786145979,267769.0213854021,0,do_nothing,-0.0098552
119.8,119.8,120.03080983560986,121.74865172669269,117.1,1,117.4,95417.0,120.93199999999874,0,0,1,47225.78330522766,48191.216694772345,0,go_long,-0.8150226
127.1,127.35,125.87774744491972,126.82386659014372,117.15,1,121.15,1511925.0,126.03799999999876,1,0,1,737843.7613293051,774081.2386706949,0,go_short,-0.2428279
121.1,121.25,122.7806841172332,123.64351764627132,120.35,1,120.45,63262.0,123.73799999999872,0,0,1,31545.88242599876,31716.117574001237,0,go_short,-0.1021986
1.2695,1.2727,1.3014012627730398,1.3242851601520569,1.2352,1,1.2482,413.0,1.3279679999999987,1,0,1,204.7529888390197,208.24701116098024,1,go_short,-0.32683
1.248,1.257,1.2367686893105738,1.2278862323213868,1.248,0,1.256,115.0,1.222639999999999,0,0,0,57.68370607028754,57.316293929712465,1,go_long,-4.245396
105.45,105.45,105.66626155168994,106.56123572963892,102.2,1,104.2,498628.0,106.38399999999874,0,0,1,247827.5106129263,250800.4893870737,0,do_nothing,1.3036224
1.32,1.32,1.351635845601735,1.371619238664309,1.2406,1,1.266,1739.0,1.3765839999999985,0,0,1,851.3433874709976,887.6566125290022,1,go_long,2.654213
0.9031,1.0461,1.0139636218348564,1.0856765937747228,0.9031,0,1.0461,1439.0,1.1115679999999957,0,0,1,772.2849887133183,666.7150112866817,1,do_nothing,0.587927
0.9152,0.9303,0.8834633623767164,0.8618586604261266,0.9152,0,0.9286,1143.0,0.8578919999999954,0,0,0,575.6534331272372,567.3465668727628,1,do_nothing,-1.324945
177.1,177.45,181.76912513083911,187.3498059022492,169.2,1,169.55,37435.0,189.4159999999989,1,0,1,18309.834847829225,19125.16515217078,0,do_nothing,-0.01196
1.0497,1.067,0.9852523282966598,0.9637189410623204,1.042,0,1.0562,3329.0,0.9607159999999942,0,0,0,1669.6375896291372,1659.3624103708628,1,go_short,1.927727
367.3,367.3,368.0455064335693,369.2681476183693,365.0,1,365.0,8184.0,369.3419999999997,0,0,1,4079.147890208931,4104.85210979107,0,do_nothing,-1.6821248
308.85,309.05,310.3194149423977,312.837152536659,305.0,0,306.1,24286.0,314.2399999999997,0,0,1,12088.697617692495,12197.302382307505,0,do_nothing,1.7696082
277.0,277.2,277.0194794077372,277.5732951931729,272.2,1,272.85,23549.0,277.6159999999996,0,0,1,11685.631808675093,11863.368191324906,0,go_short,0.9522594
426.95,427.2,428.5997704526537,429.2863193742868,424.25,1,426.3,31921.0,429.95399999999967,0,0,1,15948.341400527395,15972.658599472605,0,go_short,-3.0883836
520.4,520.4,522.9652937212616,528.6160136266419,516.0,1,516.6,8731.0,529.1479999999999,1,0,1,4349.502989392478,4381.497010607522,0,do_nothing,-0.9245169
590.4,590.4,592.5772225917505,594.7155708356205,580.25,1,585.6,230316.0,595.9340000000008,0,0,1,114687.96734693876,115628.03265306124,0,go_long,-0.6936274
605.0,606.2,608.2275576509012,610.5188029341056,596.2,1,598.55,102395.0,610.9420000000008,0,0,1,50923.125129824264,51471.87487017573,0,go_long,-0.1484304
664.95,679.9,706.0958470384833,726.0020260964054,584.5,1,621.55,558782.0,729.0840000000012,0,0,1,269965.7614457831,288816.2385542169,0,go_long,-0.2715846
679.15,679.15,681.9242666370352,684.2267311255544,674.4,1,675.3,7432.0,684.4980000000013,0,0,1,3705.4373361881208,3726.5626638118797,0,go_long,-0.4933267
442.4,443.35,445.934915419964,450.2946180062066,439.45,0,439.6,13395.0,452.5120000000012,0,0,1,6676.238095238095,6718.761904761905,0,go_long,4.6861056
592.15,593.55,601.6115813860738,605.9553544160134,587.35,1,589.95,20769.0,607.0160000000013,0,0,1,10365.173462482026,10403.826537517976,0,go_long,-1.4891092
1.247,1.2487,1.2590103147366092,1.2654126482989536,1.2338,1,1.2338,191.0,1.259780000000004,0,0,0,94.99185746533375,96.00814253466623,1,go_long,-0.882517
130.7,131.15,131.888666661969,132.3911450390505,130.05,1,130.35,55563.0,132.63799999999873,0,0,1,27744.252250526722,27818.747749473285,0,go_long,-1.45476654
0.2481,0.249,0.2453319305375554,0.2433314844262382,0.2468,1,0.2473,6954.0,0.2427679999999942,0,0,0,3471.3851433185305,3482.6148566814695,1,go_long,1.051245
112.15,112.25,112.65500322302134,113.02300128097691,109.7,1,111.5,323620.0,113.13999999999876,0,0,1,161339.7272524033,162280.2727475967,0,go_long,-0.60470567
379.1,379.1,380.4057645077714,381.3145245061036,375.25,1,377.05,119916.0,381.6800000000004,1,0,1,59795.44772862527,60120.55227137472,0,go_long,0.75776844
459.2,459.2,461.9488357293306,463.4550594011537,457.3,1,457.35,91318.0,464.14600000000047,0,0,1,45566.840106922704,45751.1598930773,0,go_long,-1.71339632
0.346,0.35,0.3397288139203605,0.3348870438148891,0.346,0,0.3481,2233.0,0.3331000000000015,0,0,0,1119.8779714738512,1113.122028526149,1,go_long,1.467604
0.2725,0.2741,0.2675709615283494,0.2644095329611203,0.2725,0,0.2741,105.0,0.2642560000000043,0,0,0,52.653677277716795,52.34632272228321,1,go_long,-1.86624
443.3,443.95,447.9684178025025,452.5508512428579,439.75,1,440.9,67116.0,454.3420000000004,0,0,1,33466.912915629946,33649.087084370054,0,go_long,0.26279107
0.3223,0.3373,0.3193216760486877,0.318272996960904,0.3223,0,0.3323,1424.0,0.3182120000000048,0,0,0,722.8768713718301,701.1231286281699,1,go_long,-0.833763
664.05,664.05,665.8843572661725,669.4092705852516,651.15,1,662.2,458316.0,669.5779999999994,0,0,0,228838.34510838834,229477.65489161166,0,go_long,-2.26881662
0.3596,0.365,0.338232047539888,0.3321487046780413,0.3596,0,0.3616,4695.0,0.3285120000000034,1,0,0,2354.009983361065,2340.9900166389352,1,go_long,0.005616
0.3577,0.3622,0.3466296269683699,0.3456881140673135,0.357,0,0.3605,1899.0,0.3463360000000033,0,0,0,953.2017543859649,945.7982456140353,1,go_long,-1.523928
490.8,492.65,494.7157323093211,492.24557296938247,482.05,0,487.75,670182.0,498.8939999999987,0,0,1,334046.5694139288,336135.4305860713,0,go_long,2.95272937
237.2,237.3,239.19994904358632,239.9381201989113,235.1,1,235.1,204747.0,240.15999999999872,0,0,1,101918.31399534194,102828.68600465807,0,go_long,9.72869774
260.5,260.5,260.8093333973422,261.90502160941145,252.05,1,256.1,250840.0,262.0199999999988,0,0,1,124351.76926054976,126488.23073945024,0,go_long,-0.68932167
230.55,245.4,231.84435098321904,229.9842920499744,230.4,0,244.45,1223899.0,229.1739999999987,0,0,0,629857.0748421053,594041.9251578947,0,go_long,0.30190373
837.7,837.7,862.1709533823985,908.937853185097,697.8,1,697.8,192638.0,920.8580000000017,1,0,1,87543.33858677956,105094.66141322044,0,go_long,-1.117855
235.75,236.75,238.38763593096027,240.2581577467303,233.9,1,235.6,183830.0,240.97599999999875,0,0,1,91885.749443089,91944.25055691099,0,go_long,-0.15158223
0.4924,0.5213,0.4884890133918432,0.4834480266285396,0.4924,0,0.5093,5482.0,0.4831560000000037,0,0,0,2787.2442847159828,2694.7557152840172,1,go_long,0.035786
245.7,246.05,247.1665585302113,247.6860636249465,240.9,1,242.2,426315.0,247.3339999999987,0,0,0,211628.3931133429,214686.6068866571,0,go_long,-0.24690855
210.95,211.5,213.33559763489305,215.14011691676225,207.15,1,207.5,577855.0,216.2999999999987,0,0,1,286545.3757916119,291309.6242083881,0,go_long,1.49931637
0.4989,0.5104000000000001,0.4909109248432212,0.479773091128875,0.4976,1,0.51,7716.0,0.4736160000000034,0,0,0,3900.4460303300616,3815.553969669937,1,go_long,-0.728916
232.7,232.9,232.6356887313605,234.6550229635878,219.85,1,226.75,3663936.0,235.2199999999986,0,0,1,1808243.5259549462,1855692.4740450538,0,go_long,-0.70271875
259.9,260.1,260.7669441761582,264.0740210657696,254.0,1,255.9,531916.0,265.06999999999886,1,0,1,263895.5106630477,268020.4893369523,0,go_long,-0.74846327
0.5802,0.583,0.5633588336315406,0.5587049675138038,0.5759000000000001,0,0.5766,1304.0,0.5591320000000033,0,0,0,649.9709543568464,654.0290456431536,1,go_long,-1.450962
0.72,0.7351000000000001,0.7100257082152598,0.7007522050092366,0.72,0,0.7351000000000001,1208.0,0.7017840000000031,0,0,0,610.2678853687032,597.7321146312968,1,go_long,-1.856606
108.1,108.1,106.47818335478767,108.32504361705556,89.5,1,92.95,1486626.0,109.16799999999874,0,0,1,687301.1027107685,799324.8972892314,0,go_long,14.92430286
0.9199,0.93,0.8899808119382999,0.8770807035516668,0.9098,0,0.9293,1665.0,0.8750760000000042,0,0,0,836.731829980532,828.2681700194679,1,go_long,-2.700259
1.179,1.2225,1.1122842522649556,1.0816821760753068,1.172,0,1.196,6757.0,1.076692000000003,1,0,0,3402.6829473684206,3354.3170526315794,1,go_long,-4.125822
1.2542,1.2542,1.2701843976031666,1.2852983758594287,1.2344,1,1.2344,615.0,1.2884920000000022,0,0,1,305.053443703287,309.946556296713,1,go_long,1.102326
1.1162,1.1524,1.0647941719067624,1.0315682985668213,1.1162,0,1.1234,134.0,1.0191080000000023,0,0,0,67.21539560635827,66.78460439364173,1,go_long,-1.212651
0.4159,0.444,0.4116355983004517,0.4062560641062291,0.4136,0,0.4391,4183.0,0.4012840000000039,0,0,0,2148.251812865497,2034.7481871345028,1,go_long,-1.420946
1.2237,1.224,1.2256466565237294,1.2109484096362029,1.22,1,1.22,27.0,1.2071920000000018,0,0,0,13.479559684085608,13.520440315914394,1,go_long,-1.699634
0.8467,0.855,0.8268214905864298,0.8195402223914168,0.8451000000000001,0,0.8458,850.0,0.814467999999994,0,0,0,424.7740029542097,425.2259970457903,1,go_long,-2.165042
792.15,801.85,823.6162333010651,854.6272785774794,682.55,1,729.75,376010.0,857.9419999999997,0,0,1,180296.53558052433,195713.46441947564,0,go_long,4.4568561
0.16904,0.17259,0.1633118248516825,0.1607129136442426,0.16332,1,0.16354,65351.0,0.1598703999999947,0,0,0,32135.133020626618,33215.866979373386,1,go_long,-3.1783354
0.1266,0.1276,0.1256080100672096,0.1245735636729036,0.12649,0,0.1276,7537.0,0.1241623999999946,0,0,0,3783.3249409913456,3753.6750590086544,1,go_long,-3.11403351
0.13903,0.13959,0.1373287293631018,0.1363007892694205,0.13877,0,0.13921,22551.0,0.1360391999999946,0,0,0,11282.79438614146,11268.20561385854,1,go_long,0.75699269
0.3317,0.3421,0.3250762466066428,0.3214992874224913,0.3315,0,0.3416,8928.0,0.3204719999999942,0,0,0,4529.637308777663,4398.362691222337,1,go_long,-0.580234
0.3685,0.3703,0.3644080239350278,0.3604711970932377,0.3657,1,0.366,3921.0,0.3587199999999941,1,0,0,1953.8270932607218,1967.1729067392787,1,go_long,0.68403
0.11903,0.12022,0.1181394247322311,0.1174784258903025,0.11903,0,0.12018,2058.0,0.1178759999999949,0,0,0,1033.9469085740564,1024.0530914259439,1,go_long,-1.31546547
0.1542,0.1548,0.1529468206003856,0.1517636912858066,0.1541,0,0.1548,5874.0,0.1516319999999949,0,0,0,2942.702912621359,2931.2970873786408,1,go_long,2.10943947
0.1439,0.1445,0.1435909824856844,0.1432368845868864,0.1438,0,0.1445,8058.0,0.1431079999999948,0,0,0,4037.382108183079,4020.617891816921,1,go_long,-0.60885257
0.195,0.1999,0.1943247071685375,0.1935366868166559,0.1947,0,0.1987,20992.0,0.1932239999999952,0,0,0,10594.64160528321,10397.35839471679,1,go_long,2.82240582
0.2174,0.2175,0.218108856316403,0.2218435456254428,0.114,1,0.2046,98477.0,0.2232039999999955,0,0,1,47745.009952606626,50731.99004739336,1,go_long,0.32043898
0.2866,0.2907,0.2832709465267225,0.2812538951441988,0.2866,0,0.2901,14195.0,0.2801439999999955,0,0,0,7140.57482226461,7054.425177735392,1,go_long,4.28569285
0.2669,0.2728,0.2580383663321764,0.2534810116703164,0.2665,0,0.2694,69321.0,0.2529679999999953,1,0,0,34822.07234756666,34498.92765243334,1,go_long,-0.43959128
0.2418,0.2446,0.2411929776946589,0.2388145254368759,0.2408,0,0.2445,24845.0,0.2383239999999953,0,0,0,12491.471314003702,12353.5286859963,1,go_long,-0.89553688
0.21401,0.2274,0.2148137959343012,0.2133730104471633,0.21401,0,0.22383,91127.0,0.2139911999999946,0,0,0,46585.41113192033,44541.58886807966,1,go_long,-2.22094056
0.1904,0.1911,0.1885084408489226,0.1875896842520889,0.1901,0,0.1908,16651.0,0.1873599999999952,0,0,0,8334.236096537252,8316.76390346275,1,go_long,-2.597509
0.2193,0.2193,0.2195239086565775,0.2236177869176416,0.1603,1,0.1872,382408.0,0.2255599999999955,0,0,1,176105.2339483395,206302.76605166052,1,go_long,-0.09721157
0.2273,0.2302,0.2207245599899767,0.2158857581018501,0.227,0,0.2287,46674.0,0.2153439999999954,1,0,0,23408.648684210526,23265.351315789478,1,go_long,0.68323745
0.2128,0.2176,0.206063767438001,0.2021669733043232,0.2109,0,0.2172,83177.0,0.2017839999999952,0,0,0,42014.05674418605,41162.94325581395,1,go_long,-0.46265308
0.3875,0.3981,0.3807873511788767,0.3759798639682933,0.3875,0,0.3968,58196.0,0.3748759999999942,0,0,0,29443.03557312253,28752.964426877472,1,go_long,2.298428
0.1627,0.1641,0.1615717833074419,0.1599921208179965,0.1627,1,0.1631,37912.0,0.1600359999999952,0,0,0,18979.27317372621,18932.72682627379,1,go_long,-2.6429115
0.1327,0.1335,0.1318788103198062,0.1305636801244129,0.1327,1,0.1334,6280.0,0.130071999999995,0,0,0,3148.2600526118,3131.7399473882,1,go_long,-1.7778492
0.311,0.3118,0.3103952178319437,0.309848025989052,0.2239,0,0.3107,122779.0,0.3096559999999949,0,0,0,61359.876628599006,61419.12337140101,1,go_long,-1.984398
0.4022,0.4115,0.3990069633878134,0.3952143496695412,0.4021,0,0.4113,12516.0,0.3946719999999948,0,0,0,6328.003441917639,6187.99655808236,1,go_long,4.49606
0.0964,0.0989,0.0957184033574792,0.0951185743293309,0.0962,0,0.0977,70930.0,0.094943999999995,1,0,0,35702.529623905204,35227.470376094796,1,go_long,-3.18671866
0.1002,0.1003,0.0984171854340299,0.1003163257693726,0.081,1,0.0823,177102.0,0.1008959999999949,0,0,1,79865.72383561645,97236.27616438357,1,go_long,-1.64391521
0.1331,0.1342,0.1318064295976268,0.1301905314224614,0.133,1,0.1342,2752.0,0.1296279999999948,0,0,0,1381.6625514403295,1370.337448559671,1,go_long,2.41930454
0.185,0.1869,0.1832078773746034,0.1825844466303441,0.1832,1,0.1836,20505.0,0.1820999999999942,0,0,0,10213.559413998915,10291.440586001083,1,go_long,-2.601288
0.2081,0.2139,0.2071884437666272,0.2045286221185817,0.2071,0,0.2116,140472.0,0.2032199999999941,1,0,0,70821.71837026448,69650.28162973552,1,go_long,4.55209436
0.3283,0.3329,0.3252888340268984,0.3249051805323334,0.3283,0,0.3302,4694.0,0.3246759999999936,0,0,0,2353.771905846621,2340.228094153379,1,go_long,-1.220426
0.8502000000000001,0.8676,0.8412582679472008,0.830577281117228,0.8502000000000001,0,0.8676,310.0,0.8297879999999942,0,0,0,156.57003143555713,153.4299685644429,1,go_long,0.144828
0.27249,0.27912,0.2622332595763039,0.2552414915903508,0.27239,0,0.27838,68320.0,0.2531327999999946,0,0,0,34525.24479459764,33794.75520540237,1,go_long,-2.02157771
0.33922,0.35124,0.3278949105634718,0.3186126172093289,0.33904,0,0.3449,72747.0,0.3161655999999942,0,0,0,36675.49596562006,36071.504034379934,1,go_long,-2.35385666
558.15,558.3,567.8256392678728,573.505721716474,552.0,1,558.2,13899.0,575.8880000000004,0,0,1,6949.8112599095275,6949.188740090473,0,go_long,1.4416628
480.0,480.0,481.9187217232388,484.4995710328635,473.55,1,474.8,11303.0,483.31800000000015,0,0,1,5620.720988688731,5682.27901131127,0,go_long,1.5358276
446.3,447.5,452.3268851584312,454.1363009001585,435.75,1,442.25,30543.0,455.7819999999995,0,0,1,15201.892690338193,15341.10730966181,0,go_long,0.6908408
517.5,517.5,548.5011595232779,568.9604215127237,470.0,1,484.4,382733.0,580.5039999999995,0,0,1,185044.28106597465,197688.71893402535,0,go_long,-0.8928896
346.15,349.25,352.7090051443455,358.58453082660475,333.0,1,334.9,148245.0,361.63799999999947,0,0,1,72898.09925849791,75346.9007415021,0,go_long,4.292589
308.35,312.0,321.3289259462124,328.3213704541064,296.7,0,312.0,158217.0,330.77199999999954,0,0,1,79573.95663738211,78643.04336261789,0,go_long,0.6429996
263.3,264.0,264.69460491949565,265.85297323983866,256.0,1,259.55,37772.0,266.0659999999995,0,0,1,18750.545280673232,19021.454719326764,0,go_long,1.3163028
218.3,218.65,220.0089031068608,221.8217211605624,215.95,1,216.8,8608.0,222.61799999999948,0,0,1,4289.162031716847,4318.837968283154,0,go_long,1.56908
282.6,283.6,284.69745607336296,285.99145401903934,281.0,1,281.15,7748.0,286.6079999999995,0,0,1,3864.035831485587,3883.964168514413,0,go_long,-1.943943
332.6,333.6,323.9350279046958,323.7322750807572,235.0,1,276.5,756090.0,324.02599999999944,0,0,0,343225.8824495157,412864.11755048437,0,go_long,0.1140702
232.25,232.25,233.60645111651056,234.9383567012555,224.45,1,228.95,73736.0,235.5539999999994,0,0,1,36604.200346921076,37131.799653078924,0,go_long,0.8024704
246.95,246.95,249.5030027052572,251.4459792346798,244.5,1,246.25,69974.0,252.15799999999945,0,0,1,34937.342862935926,35036.657137064074,0,go_long,-0.8077112
265.6,265.6,265.5598950099493,266.95765324376777,260.0,1,260.0,67537.0,267.2839999999995,0,0,1,33408.713850837135,34128.286149162865,0,go_long,-0.432183
0.4689,0.4822,0.4614098040113973,0.4469437957476013,0.4663,0,0.4783,8972.0,0.4432999999999938,0,0,0,4530.519003378378,4441.480996621622,1,go_long,1.420853
1.0491,1.0736,1.0159973117866354,0.9998054732804104,1.049,0,1.0649,1562.0,1.0008799999999929,0,0,0,786.8371807000946,775.1628192999054,1,go_long,-2.354617
184.35,196.0,221.3809589024092,234.4336057169327,159.95,1,186.6,452281.0,238.51999999999967,0,0,1,227512.15689446017,224768.84310553983,0,go_long,3.2684545
1.3091,1.3091,1.327698380808626,1.361650370578643,1.1536,1,1.1644,17013.0,1.356367999999995,0,0,1,8008.868890236507,9004.131109763493,1,go_long,-3.135397
1.1895,1.1905,1.2129332301866864,1.2419881844037193,1.1508,1,1.1611,6469.0,1.2541439999999964,0,0,1,3195.420701097592,3273.579298902408,1,go_long,3.118923
0.8343,0.854,0.825310915641324,0.8165623510506904,0.8343,0,0.8448,10312.0,0.8132959999999967,0,0,0,5188.242272646061,5123.75772735394,1,go_long,-0.336235
0.8769,0.8782000000000001,0.8698164249179298,0.8641251342315862,0.874,0,0.8782000000000001,920.0,0.8638239999999955,0,0,0,460.3407213264202,459.6592786735799,1,go_long,2.221659
472.0,472.0,475.0785505503237,481.3459068882104,415.25,1,434.15,318193.0,483.7939999999994,0,0,1,152451.01909176185,165741.98090823815,0,go_long,-3.2103918
327.6,327.95,334.4430563124217,341.4666517335412,321.0,0,324.5,11441.0,345.38800000000003,0,0,1,5693.305474620457,5747.694525379543,0,go_long,3.6473625
190.95,192.85,191.2258492292983,191.07443019943025,190.95,0,192.75,2086.0,190.942,0,0,0,1047.8928850664581,1038.1071149335417,0,go_long,6.521178
0.6424000000000001,0.6614,0.6308103999223346,0.620738142087857,0.6417,0,0.6614,7926.0,0.6198319999999943,0,0,0,4020.751955821445,3905.2480441785556,1,go_long,1.827603
0.3759,0.38,0.3732702178933178,0.3690733814245205,0.374,1,0.3741,8298.0,0.3678759999999935,0,0,0,4139.042399999999,4158.957600000001,1,go_long,-0.93665209
0.46197,0.46523,0.4505665136121113,0.4400653401709316,0.45713,1,0.45767,21376.0,0.4369067999999941,0,0,0,10638.02566221565,10737.97433778435,1,go_long,1.59115949
0.5488900000000001,0.5555500000000001,0.5174988433497995,0.50459400092466,0.53119,1,0.5329,49954.0,0.5002911999999942,1,0,0,24607.813531276865,25346.186468723135,1,go_long,0.72735941
0.44871,0.47238,0.4401828655206953,0.4242852305034775,0.44871,0,0.4661,49083.0,0.4219443999999941,0,0,0,25008.01947945475,24074.98052054525,1,go_long,-0.89681786
258.0,258.0,263.0747977826645,264.3958035996143,251.75,1,257.35,43386.0,264.78199999999947,0,0,1,21665.639080236735,21720.360919763265,0,go_long,0.0876378
415.06,415.32,419.23521843205,422.0598131910398,412.93,1,413.43,23277.0,423.4048000000005,0,0,1,11615.602010887276,11661.397989112722,0,go_long,-1.82394098
0.13255,0.13551,0.1410562873862721,0.1434878075364031,0.12668,1,0.13236,1820.0,0.1441912000000004,0,0,1,909.347325506776,910.6526744932243,0,go_long,15.1904963
344.57,345.05,348.0200203245099,349.8756867700023,341.04,1,343.51,121122.0,351.44240000000286,0,0,1,60467.7046564353,60654.29534356471,0,go_long,0.40720081
11.4968,11.4968,11.47487780965211,11.500764534724595,11.1397,1,11.2439,11247.0,11.491296000000162,1,0,1,5560.960889506479,5686.039110493521,1,go_long,0.80466352
10.2302,10.466,10.21234500076379,10.16559435792941,10.2221,0,10.4225,18966.0,10.164228000000136,0,0,0,9571.297457475293,9394.702542524707,1,go_long,-0.9769072
11.157,11.157,11.206579375154336,11.169568104407166,10.941,1,10.982,17252.0,11.235200000000168,1,0,1,8557.814896788472,8694.185103211528,1,go_long,-3.30056307
3.9,3.905,3.872026534246956,3.856376068376068,3.876,0,3.888,17.0,3.85356,0,0,0,8.486902927580894,8.513097072419106,0,go_long,0.653826
4.219,4.225,4.241053268241177,4.2480210003030585,4.211,0,4.217,23.0,4.277560000000003,0,0,1,11.497273589378851,11.502726410621149,0,go_long,0.712426
4.6370000000000005,4.65,4.701362717006044,4.746068558656266,4.5600000000000005,1,4.589,14542.0,4.765800000000006,0,0,1,7233.171255148494,7308.828744851506,0,go_long,-2.082274
11.0609,11.0609,11.126578806648515,11.17135885182961,10.9609,1,11.0294,2903.0,11.16796800000024,0,0,1,1449.4302114502748,1453.5697885497257,1,go_long,-3.5952104
1.295,1.314,1.5121588189689394,1.6817262379095672,1.165,1,1.169,31907.0,1.7287199999999965,0,0,1,15137.696022727274,16769.303977272724,0,go_long,9.89144
2.658,2.66,2.7134180141235538,2.7545874275090463,2.3,1,2.461,76825.0,2.77064,0,0,1,36934.23031842156,39890.76968157844,0,go_long,2.086108
3.001,3.005,3.0367626911926595,3.054004357007662,2.974,1,3.005,6696.0,3.057000000000015,0,0,1,3350.22977022977,3345.7702297702294,0,go_long,3.45849
4.243,4.243,4.274421499277543,4.259646250236564,4.165,1,4.186,22151.0,4.298160000000016,0,0,1,11000.60339304781,11150.39660695219,0,go_long,-1.501262
4.118,4.128,4.08606369920609,4.106386397181595,3.38,1,3.641,122440.0,4.1202800000000135,0,0,1,57456.378399278256,64983.621600721744,0,go_long,7.717776
4.987,5.041,5.428483518251442,5.563814458351396,4.524,1,4.968,53642.0,5.587040000000007,0,0,1,26769.809743847312,26872.190256152684,0,go_long,0.24786
5.21,5.211,5.334942679952642,5.393296254704774,5.092,1,5.171,12847.0,5.422879999999988,0,0,1,6399.367787303728,6447.632212696271,0,go_long,-0.384967
2.435,2.44,2.500400564818551,2.5333615388266306,2.393,1,2.419,12220.0,2.55484,0,0,1,6089.859909353111,6130.140090646889,0,go_long,0.971728
12.6009,12.6034,12.254165720685924,11.995156855721175,12.5775,0,12.6034,119.0,12.02444800000016,1,0,0,59.50590177072961,59.49409822927039,1,go_long,-3.2364515
12.28,12.28,12.343623044970911,12.514204091313944,11.989,1,11.989,128.0,12.467964000000164,0,0,1,63.23260126086778,64.76739873913223,1,go_long,-0.398426
12.3062,12.3062,12.650906028884805,12.817342252920303,12.3037,1,12.3037,2.0,12.725924000000203,1,0,1,0.9998984148655622,1.000101585134438,1,go_long,-0.7402449
9.943,9.953,10.067448915838154,10.198093692571716,9.914,0,9.95,70874.0,10.272239999999918,0,0,1,35449.46966269542,35424.53033730458,0,go_long,0.99272107
11.22,11.297,11.4254940741304,11.53794628021176,11.114,0,11.262,49258.0,11.56307999999994,0,0,1,24675.010942087003,24582.989057912997,0,go_long,-0.84546825
12.332,12.368,12.785806511851291,13.055829143410858,10.282,1,11.753,2321510.0,13.141719999999944,0,0,1,1132850.6136599544,1188659.3863400456,0,go_long,-1.59968192
5.0373,5.0373,5.34612941884305,5.644861111111111,4.5685,0,4.8,11148.0,5.620948000000001,0,0,1,5439.5413375621365,5708.458662437865,1,go_long,0.1778032
4.4378,4.7229,4.282732640374026,4.195572223954659,4.3751,0,4.6265,16254.0,4.1685840000000045,0,0,0,8296.187350374546,7957.8126496254545,1,go_long,0.8351472
4.1578,4.2,4.042930281482558,3.971079497421993,4.1578,0,4.2,985.0,3.932880000000003,0,0,0,494.9867189930364,490.0132810069635,1,go_long,0.82404
3.7212,3.8155,3.6776257782013095,3.634741240856596,3.7212,0,3.8155,921.0,3.625540000000006,0,0,0,466.26182546737965,454.73817453262035,1,go_long,0.5522336
3.4999,3.5055,3.458698277369155,3.442315744460309,3.4999,0,3.5055,70.0,3.4395559999999974,0,0,0,35.027978416650015,34.972021583349985,1,go_long,-0.3731614
3.5807,3.8688,3.4833476002992243,3.345374712023961,3.5793,0,3.7771,16841.0,3.2919400000000074,0,0,0,8645.26639756449,8195.733602435512,1,go_long,-1.6611556
4.6,4.6329,4.362870432457041,4.32199347934633,4.5212,0,4.5212,354.0,4.312427999999999,0,0,0,175.4708590974872,178.5291409025128,1,go_long,-2.3118684
5.6192,5.65,5.226931714042784,4.984871383718966,5.6158,0,5.6158,351.0,4.914319999999998,0,0,0,175.44688918558077,175.55311081441926,1,go_long,-1.4940784
6.6854,7.0254,6.6382129309203775,6.572969629990582,6.6854,0,7.0,2193.0,6.606695999999991,0,0,0,1121.7063439870226,1071.2936560129772,1,go_long,-0.9252097
7.8431,7.9311,7.441341862369677,7.1753506042411175,7.6979,0,7.766,2031.0,7.177223999999995,1,0,0,1010.4840125311516,1020.5159874688483,1,go_long,-2.2000377
9.8648,10.0112,9.733467700770907,9.58039348184704,9.8648,0,9.9018,364.0,9.489023999999992,0,0,0,182.34067568524682,181.65932431475318,1,go_long,-3.742062
12.2573,12.2608,12.495259799243025,12.656160649123663,12.2573,1,12.2608,6.0,12.656416000000004,0,0,1,3.0004282550442323,2.9995717449557673,1,go_long,-2.4560508
4.816,4.816,4.860590861997433,4.910204616723132,4.772,0,4.799,357.0,4.920359999999993,0,0,1,178.18439937597506,178.81560062402494,0,go_long,1.928826
8.112,8.158,8.23234990948638,8.259836333645529,8.032,1,8.08,138209.0,8.262079999999923,0,0,1,68967.92984189723,69241.07015810277,0,go_long,1.95792122
6.361,6.361,6.210462205294904,6.142584917204637,5.757,1,6.0,9119.0,6.167319999999987,1,0,0,4426.340910929536,4692.659089070463,0,go_long,-1.132848
5.855,5.855,6.079064304088435,6.209789996230525,5.357,1,5.568,11016.0,6.258639999999986,0,0,1,5369.612886282062,5646.3871137179385,0,go_long,6.541219
6.741,7.309,6.837812974631621,6.815895134190252,6.741,0,7.175,49435.0,6.8174800000000335,0,0,0,25488.367706237423,23946.632293762574,0,go_long,1.30334986
8.864,8.911,8.80538867368161,8.818372704599268,7.911,1,8.343,85687.0,8.820360000000043,0,0,0,41546.2684372639,44140.7315627361,0,go_long,2.18368848
10.789,10.8,10.79808176633108,10.86158957770714,10.604,0,10.689,8584.0,10.911080000000045,0,0,0,4272.016761337182,4311.983238662818,0,go_long,-0.93311762
10.89,10.904,10.90981720698923,11.064985618214653,8.604,1,9.477,150140.0,11.15832000000002,0,0,1,69861.8736190897,80278.1263809103,0,go_long,-0.14112108
9.532,9.544,9.531843124889775,9.556052425451234,9.446,1,9.479,43059.0,9.559880000000014,1,0,0,21469.478775445794,21589.521224554206,0,go_long,1.86139158
12.112,12.119,12.382309834872752,12.510484248315624,10.59,1,11.427,80744.0,12.539680000000017,0,0,1,39197.148901822504,41546.85109817749,0,go_long,-0.62086914
6.546,6.553,6.559890612051607,6.584379050094304,6.452,1,6.489,4766.0,6.588680000000039,0,0,1,2372.5795166858456,2393.4204833141544,0,go_long,0.28740875
11.414,11.439,11.479928566152568,11.546187639338577,11.027,1,11.162,150316.0,11.589080000000006,0,0,1,74319.06413890858,75996.93586109142,0,go_long,-2.68157109
8.606,8.628,8.61664504305941,8.627970733114163,8.513,1,8.533,41227.0,8.64072,0,0,1,20525.701091078827,20701.298908921173,0,go_long,-2.42676741
6.202,6.213,6.297744631774186,6.333398043465608,6.119,1,6.17,16565.0,6.322400000000004,0,0,1,8261.077432913029,8303.922567086971,0,go_long,-0.56464752
5.64,5.649,5.698908624339475,5.7363847698648325,5.5760000000000005,1,5.618,10307.0,5.758640000000003,0,0,1,5143.429205898029,5163.570794101972,0,go_long,-1.02949271
4.663,4.663,4.723497939020705,4.79438591187608,4.507,1,4.519,13386.0,4.814800000000039,0,0,1,6588.034632977565,6797.965367022435,0,go_long,0.36109024
4.933,4.9350000000000005,4.9693442091102105,5.000831023565598,4.872,1,4.915,5652.0,5.011480000000046,1,0,1,2820.834687246142,2831.165312753859,0,go_long,-0.63501159
4.319,4.327,4.3376404178531365,4.355249276671838,4.285,1,4.303,12573.0,4.353400000000048,0,0,1,6274.834029227557,6298.165970772442,0,go_long,7.61719
8.549,8.56,8.595257249615647,8.623338722036742,8.531,0,8.56,2189.0,8.63831999999999,0,0,1,1095.203693962242,1093.7963060377576,0,go_long,-0.11771184
8.402,8.402,8.417619783114183,8.425710784946792,8.376,1,8.387,3874.0,8.421760000000045,0,0,0,1935.2694025850258,1938.7305974149738,0,go_long,-1.96499812
9.353,9.354,9.41803120701689,9.51212290756288,9.249,1,9.249,1635.0,9.528840000000043,0,0,1,812.9295237071283,822.0704762928716,0,go_long,-0.91766168
10.175,10.221,10.44640076166806,10.526872356100048,9.832,1,10.164,60895.0,10.551200000000057,0,0,1,30431.032990805845,30463.967009194163,0,go_long,-0.86163066
12.4,12.414,12.546409151561004,12.242686218523083,11.906,1,12.023,3048.0,12.287079999999996,0,0,0,1500.4751259059083,1547.5248740940917,0,go_long,4.743234
14.037,14.74,16.55592040870801,18.008630444162698,9.804,1,11.829,58616.0,18.46456,0,0,1,26806.18046856878,31809.819531431225,0,go_long,-0.238806
11.3,11.331,11.629891579941004,11.800378536293836,11.279,1,11.324,159.0,11.813800000000004,0,0,1,79.58433521923621,79.41566478076379,0,go_long,0.691637
12.054,12.072,12.152518094246012,12.31539022058527,11.813,1,11.876,4899.0,12.285320000000034,0,0,1,2431.27973255328,2467.72026744672,0,go_long,1.66869
11.774,11.774,11.881239563792676,12.260069739590566,10.25,1,10.283,88329.0,12.178680000000028,0,0,1,41179.086321802606,47149.9136781974,0,go_long,-1.595959
8.806000000000001,8.806000000000001,8.801191545373287,8.864144448336852,8.576,1,8.595,19385.0,8.860760000000054,1,0,1,9574.971266019193,9810.028733980806,0,go_long,-0.103124
8.586,8.586,8.747862001653306,8.838540924071017,8.458,1,8.486,5519.0,8.918960000000052,0,0,1,2743.3361059044046,2775.6638940955945,0,go_long,1.475552
9.99,9.998,10.122597535844813,10.179140616163464,9.905,1,9.905,3004.0,10.208160000000088,0,0,1,1495.5828097511937,1508.4171902488063,0,go_long,1.441711
11.189,11.189,11.364998848989424,11.596530154401838,11.111,0,11.126,1216.0,11.644280000000078,0,0,1,606.2834864440958,609.7165135559042,0,go_long,2.491242
10.98,10.984,11.040726459133296,11.180785749800174,10.69,1,10.733,42719.0,11.205800000000089,0,0,1,21116.521300603323,21602.478699396674,0,go_long,2.622909
11.0,11.059,11.393680987389752,11.516480676023813,10.773,1,10.889,22813.0,11.489880000000076,0,0,1,11348.65717940518,11464.34282059482,0,go_long,-1.089691
9.824,9.824,9.838298321205556,9.858286724796358,9.808,1,9.808,180.0,9.856360000000103,0,0,0,89.92665036674818,90.07334963325184,0,go_long,2.718627
11.657,11.661,11.65453106062881,11.737152452697808,11.418,1,11.5,12038.0,11.746360000000086,0,0,1,5978.192339249471,6059.807660750528,0,go_long,-0.620392
10.963,10.966,10.987925520831215,11.004354456346734,10.861,1,10.912,4741.0,11.009080000000088,0,0,1,2364.9733485714287,2376.0266514285713,0,go_long,-0.49222701
10.62,10.631,10.743870520871292,10.835813928636792,10.425,1,10.527,20268.0,10.88916000000006,0,0,1,10089.432827351397,10178.567172648602,0,go_long,-0.75628777
4.881,4.881,4.942593345371937,5.000864149058836,4.818,1,4.833,5917.0,5.026159999999989,0,0,1,2943.8810994441014,2973.1189005558986,0,go_long,1.01757
326.21,326.93,331.55552351913786,334.5855770360985,314.89,1,317.28,194588.0,335.4100000000024,1,0,1,95943.8074251348,98644.19257486518,0,go_long,0.58743944
6.796,6.815,7.0133361287490885,7.127092327656349,6.7010000000000005,1,6.712,95426.0,7.237639999999927,0,0,1,47416.29493633402,48009.70506366598,0,go_long,1.65006711
6.263,6.273,6.31962315319361,6.37250607384599,6.176,0,6.269,142973.0,6.367319999999929,0,0,1,71520.72590169167,71452.27409830833,0,go_long,-0.18225408
0.5210600000000001,0.5225700000000001,0.5271258643439118,0.5299734942771707,0.519,1,0.5198400000000001,16433.0,0.5317280000000227,0,0,1,8206.869747334038,8226.130252665962,0,go_long,-0.5112954
0.47414,0.4773,0.489016422014747,0.4930907457219638,0.46956,1,0.4731,28689.0,0.4939744000000223,0,0,1,14328.750791773995,14360.249208226003,0,go_long,-0.6369281
0.41195,0.41195,0.4126432454234412,0.4137560501569836,0.40694,1,0.40982,14562.0,0.4138424000000225,0,0,1,7262.1278946663915,7299.8721053336085,0,go_long,-0.4133854
0.3961,0.39703,0.3998291459715699,0.4024638941834855,0.38874,1,0.39191,16868.0,0.4023324000000219,0,0,1,8389.154807680105,8478.845192319895,0,go_long,-1.7884986
0.30641,0.30641,0.3061835266753591,0.30743568954623,0.30001,1,0.30237,22356.0,0.307187200000021,0,0,1,11103.820296330365,11252.179703669632,0,go_long,0.3109914
0.32464,0.32464,0.3232379740170912,0.3237193438776453,0.31761,1,0.31928,23052.0,0.3242960000000207,1,0,0,11430.057398434587,11621.942601565412,0,go_long,1.1316696
0.46755,0.46756,0.4732697750300361,0.4762463265111217,0.46437,1,0.46466,16170.0,0.4781136000000225,0,0,1,8059.935207732164,8110.064792267837,0,go_long,0.5390549
0.38044,0.38075,0.3823304626063801,0.3839438452683307,0.37683,1,0.37783,15396.0,0.3848664000000209,0,0,1,7671.5031321297165,7724.496867870284,0,go_long,-1.6067252
0.39596,0.39596,0.3986005431361292,0.3998877377062153,0.39316,1,0.39394,22002.0,0.399794800000021,0,0,1,10972.867299658184,11029.132700341814,0,go_long,-0.58883234
0.36628,0.36634,0.368567442846326,0.3695828512205315,0.36436,1,0.3647,3732.0,0.3710876000000215,0,0,1,1861.9666748748257,1870.0333251251745,0,go_long,-1.82604624
0.27808,0.27991,0.2841995859866744,0.2895029944140831,0.27314,1,0.27723,61417.0,0.290132800000022,0,0,1,30661.495218886743,30755.50478111325,0,go_long,0.51425137
0.29369,0.30603,0.2919689449083472,0.2900476763444099,0.29287,0,0.30589,315676.0,0.2895644000000223,0,0,0,161049.62080122752,154626.37919877248,0,go_long,-0.86308909
0.287,0.287,0.2863112201382621,0.2875251569945105,0.2736,1,0.27741,317419.0,0.2880100000000222,0,0,1,156012.83604117576,161406.16395882427,0,go_long,-0.85746566
0.24976,0.24995,0.2504786125985913,0.2509863368533383,0.24934,1,0.24944,624.0,0.2510780000000222,0,0,1,311.8,312.20000000000005,0,go_long,0.81482797
0.2996,0.30058,0.302515183001295,0.3044858026920192,0.29731,1,0.29759,71382.0,0.3052356000000207,0,0,1,35570.8725531238,35811.1274468762,0,go_long,2.8634622
0.5908,0.59169,0.601899419712722,0.6043682378469498,0.56377,1,0.5805800000000001,187356.0,0.6041636000000227,0,0,1,92860.68268196487,94495.31731803513,0,go_long,-1.1525681
0.51924,0.5226000000000001,0.5355286640592493,0.5540201751521976,0.50997,0,0.52188,17044.0,0.5557404000000238,0,0,1,8543.60949746427,8500.39050253573,0,go_long,0.4745655
1.1504,1.15854,1.1707029126503723,1.1799440466799969,1.11992,1,1.14281,32903.0,1.1834268000000236,0,0,1,16397.049302070023,16505.950697929973,0,go_long,-3.0317379
369.31,369.31,372.0005529035672,372.7896555687621,363.18,1,366.06,83526.0,373.6036000000026,0,0,1,41578.42658797612,41947.57341202388,0,go_long,3.27438968
543.58,546.03,546.31123901967,542.7097702573766,528.98,1,533.24,162193.0,542.8788000000027,0,0,0,80317.78321353615,81875.21678646385,0,go_long,-0.77213509
0.106,0.107,0.1048503825227677,0.1045014245014245,0.105,0,0.105,33.0,0.10452,0,0,0,16.421800947867297,16.5781990521327,0,go_long,3.208509
0.16408,0.16636,0.1657720667079446,0.1683288368818638,0.14039,1,0.14634,27574.0,0.1692532000000003,0,0,1,12999.095290251917,14574.904709748082,0,go_long,-1.1425902
0.4039,20.4621,0.4019150869266941,0.4021186628972926,0.402,0,0.402,1643.0,0.4018720000000017,1,0,0,819.5632212433304,823.4367787566696,1,go_long,1.080956
0.352,0.35729,0.3624450125237984,0.3664139589097945,0.34878,0,0.35711,2446.0,0.368099600000001,0,0,1,1231.813202465062,1214.1867975349383,0,go_long,9.2562438
0.8939,0.8955200000000001,0.9013161677208876,0.9127912882015832,0.8107300000000001,1,0.84596,16917.0,0.9144804000000012,0,0,1,8225.434989022106,8691.565010977894,0,go_long,2.0747798
1.07,1.07,1.0790160847567265,1.088768302202413,1.0475,1,1.05452,2819.0,1.088445600000002,0,0,1,1399.229887221584,1419.770112778416,0,go_long,1.1531756
1.20895,1.21278,1.219360093428276,1.2349654859998085,1.175,1,1.18373,9240.0,1.2436168000000023,0,0,1,4571.302974070916,4668.697025929084,0,go_long,3.9347243
1.2474,1.25783,1.2766115700172225,1.3213472570654232,1.19843,1,1.19902,3353.0,1.3225320000000038,0,0,1,1643.3458114305802,1709.65418856942,0,go_long,1.4358453
1.23802,1.2426,1.256626306793006,1.268188153832834,1.21826,1,1.21826,2837.0,1.2668340000000071,0,0,1,1407.0886136759655,1429.9113863240348,0,go_long,-1.2917046
1.09865,1.10144,1.1068569266829582,1.11567835160524,1.08506,1,1.08674,5029.0,1.1194048000000107,1,0,1,2500.7964070486278,2528.2035929513722,0,go_long,9.2186817
1.1777,1.18411,1.198509477414637,1.2126118283601133,1.15105,1,1.15447,24496.0,1.2186252000000235,0,0,1,12126.001586505272,12369.998413494728,0,go_long,0.3318553
1.17433,1.17433,1.1765569454552942,1.1849666773697982,1.15346,1,1.15625,19381.0,1.181159200000022,0,0,1,9615.323760608946,9765.676239391052,0,go_long,-3.6457983
0.80625,0.80625,0.8142704576402576,0.8207677475735303,0.79,1,0.7916700000000001,27561.0,0.8280324000000217,0,0,1,13654.761734004205,13906.238265995793,0,go_long,3.4848742
0.28072,0.28081,0.2817006930987316,0.2810725974617027,0.27726,1,0.27745,67283.0,0.2828508000000219,0,0,1,33444.4136195066,33838.5863804934,0,go_long,2.47472088
6.208,6.225,6.275776330698266,6.312339507745362,6.183,1,6.2,42824.0,6.331759999999929,0,0,1,21398.194713088327,21425.805286911665,0,go_long,0.80509288
0.3675,0.3675,0.3706216245189726,0.3735236671994651,0.3601,1,0.3622,122153.0,0.3736080000000228,0,0,1,60632.885569412094,61520.11443058791,0,go_long,3.86145178
0.548,0.5491,0.5526470616812572,0.5583888701922732,0.5263,1,0.5332,41041.0,0.5568200000000225,0,0,1,20239.605253422123,20801.394746577877,0,go_long,-0.0442968
8.3,8.3,8.275935807849772,8.306146494559158,8.124,1,8.151,63391.0,8.309679999999991,0,0,1,31408.427512005346,31982.572487994654,0,go_long,-2.88708548
6.961,6.961,6.854909835061861,7.067125531487044,5.327,1,5.801,2860221.0,7.149960000000002,0,0,1,1300120.8291020216,1560100.1708979784,0,go_long,1.99461728
7.266,7.266,7.348757344459619,7.416113455090522,7.117,1,7.126,77861.0,7.470359999999999,0,0,1,38551.7986381323,39309.2013618677,0,go_long,0.60299845
6.727,7.923,6.883751772682346,6.795070427948342,6.727,0,7.737999999999999,3825741.0,6.759200000000001,0,0,0,2046566.4609747664,1779174.5390252336,0,go_long,-2.72649647
5.458,5.468,5.4665324388373,5.474832569266451,5.292,1,5.402,691428.0,5.477479999999986,0,0,1,343931.3127071823,347496.6872928177,0,go_long,-0.83349925
5.093,5.093,5.119507979040469,5.153064527744821,4.86,1,4.968,850963.0,5.171359999999988,0,0,1,420195.22751217574,430767.7724878243,0,go_long,3.90595902
12.416,12.416,12.400772549592627,12.488760333597986,11.514,1,11.908,1358004.0,12.525760000000009,1,0,1,664821.2313764184,693182.7686235817,0,go_long,-2.6104254
7.241,7.241,7.287845072291733,7.331090235624637,7.103,1,7.172,1078183.0,7.339479999999988,0,0,1,536510.6831332825,541672.3168667175,0,go_long,-0.37248694
9.922,9.926,9.993910787548405,10.07396578127763,9.606,1,9.729,219697.0,10.102559999999974,0,0,1,108769.63579461604,110927.36420538396,0,go_long,-1.1658528
8.722,8.722,8.823148134770708,8.879773032110998,8.586,1,8.668,42291.0,8.903159999999955,0,0,1,21079.83829787234,21211.161702127658,0,go_long,2.86400893
11.528,11.601,11.682807165524668,11.492252559004832,11.324,1,11.371,157740.0,11.67587999999995,0,0,0,78329.2519323988,79410.7480676012,0,go_long,4.49134802
11.181,11.198,11.153596034755232,11.382337222138846,10.123,1,10.495,1129301.0,11.450159999999936,0,0,1,546780.4943255213,582520.5056744787,0,go_long,-2.18335744
8.233,8.237,8.283585570118934,8.329290833430527,8.134,1,8.164,37208.0,8.340319999999933,0,0,1,18525.712752332744,18682.28724766726,0,go_long,0.0917507
9.047,9.051,9.03036212058085,9.149280359834034,7.896,1,7.968,1172051.0,9.223999999999934,0,0,1,548862.9073170732,623188.0926829268,0,go_long,-2.1480739
7.499,7.5,7.482761540081988,7.499141800647495,6.851,1,7.166,724293.0,7.530679999999989,0,0,1,353923.193862939,370369.80613706104,0,go_long,2.87277312
12.48,12.508,12.540514766849563,12.615366968058384,12.202,1,12.262,398334.0,12.63588000000001,0,0,1,197412.1537466656,200921.84625333443,0,go_long,-0.0087766
12.95,13.097,13.18571621653573,13.281869365827356,12.843,0,13.088,380650.0,13.282279999999997,0,0,1,191333.71226668716,189316.28773331287,0,go_long,-0.5847646
18.027,18.052,18.42206336348097,18.48526605613488,17.503,1,17.741,2941484.0,18.41712,0,0,1,1458981.9851263699,1482502.0148736301,0,go_long,-2.45032
0.5404,0.544,0.5480941133880733,0.5516315649066769,0.5339,1,0.5401,63016.0,0.5535080000000224,0,0,1,31499.25182785747,31516.74817214253,0,go_long,0.60145386
0.6934,0.6948000000000001,0.7078454526014236,0.7287369216017027,0.5458000000000001,1,0.632,666658.0,0.736236000000021,0,0,1,317887.3215633016,348770.67843669833,0,go_long,-0.65019072
0.5919,0.5919,0.5945832976798675,0.5984242522284925,0.5842,1,0.5859,12806.0,0.5960280000000219,0,0,1,6370.381558838512,6435.618441161488,0,go_long,-1.64991475
0.4313,0.4336,0.4363756521386967,0.4419689257998581,0.425,0,0.4306,25027.0,0.4437520000000218,0,0,1,12503.337046061026,12523.662953938972,0,go_long,0.31145233
0.4539,0.4539,0.4563035994945326,0.4576417870870277,0.4505,1,0.4527,21587.0,0.4584920000000219,0,0,1,10779.213434811383,10807.786565188617,0,go_long,-1.52537467
0.3805,0.3814,0.3869336930532812,0.3900189919240344,0.3779,1,0.3804,29778.0,0.3908240000000221,0,0,1,14887.04323827047,14890.95676172953,0,go_long,-0.21734959
0.3781,0.3781,0.3813315042189804,0.3845607445862296,0.3698,1,0.3727,63273.0,0.3870520000000227,0,0,1,31408.959909429945,31864.040090570063,0,go_long,-0.74149417
0.3419,0.342,0.344229880075261,0.3479285363386183,0.337,0,0.3399,14645.0,0.3490720000000229,0,0,1,7301.0200938691705,7343.97990613083,0,go_long,0.75623541
0.3807,0.3819,0.3822088321964172,0.3838779567960424,0.3782,1,0.3784,10974.0,0.3834840000000231,1,0,1,5470.3749176656565,5503.6250823343435,0,go_long,-0.78441993
0.3436,0.3436,0.3457050264180066,0.3490898968912742,0.3403,1,0.3409,19047.0,0.3506000000000234,0,0,1,9485.934696859022,9561.06530314098,0,go_long,12.29410389
1.0109,1.0112,1.0171264428019915,1.035230506605313,0.9393,1,0.9553,576132.0,1.042516000000024,0,0,1,279920.0994812329,296211.9005187671,0,go_long,-0.3809882
7.461,7.594,7.587305670065456,7.486957264957265,7.427,0,7.572,2445077.0,7.398040000000001,0,0,0,1231565.4256635401,1213511.5743364599,0,go_long,-2.1573002
6.075,6.178,6.177151660835966,6.221234394086815,5.25,1,5.6530000000000005,6001761.0,6.21164,0,0,0,2892902.02361869,3108858.9763813093,0,go_long,-1.080864
5.094,5.094,5.082396948515193,5.117744414396312,4.83,1,4.938,742282.0,5.126439999999986,0,0,1,365369.66866028705,376912.33133971295,0,go_long,-2.564046
3.506,3.913,3.556356734180624,3.523263221012216,3.505,0,3.879,1097134.0,3.5034399999999835,0,0,0,576273.9046716318,520860.09532836825,0,go_long,30.2642208
0.5615,0.5624,0.5671025638684191,0.5711401651543209,0.5529000000000001,1,0.5549000000000001,96363.0,0.5718960000000226,0,0,1,47896.657739161594,48466.342260838406,0,go_long,-0.33776028
0.3999,0.431,0.389976084135321,0.3787705831879652,0.3975,0,0.4221,52152.0,0.3758200000000019,0,0,0,26780.242335766423,25371.757664233577,1,go_long,-2.303356
8452.5,8452.5,8449.559861397327,8454.351851851852,8450.5,0,8452.5,15.0,8452.86,0,0,0,7.5,7.5,1,go_long,0.4658929
0.529,0.5432,0.5095001938854171,0.495774114837808,0.521,1,0.5239,30378.0,0.4914480000000001,1,0,0,15115.42805584576,15262.571944154239,1,go_long,-1.684146
241.999,245.021,239.5190396705649,237.78133420177656,240.924,0,242.574,60215.0,237.1994799999959,0,0,0,30143.225912298047,30071.774087701957,1,go_long,1.93670115
176.381,176.683,174.0338451642093,172.33439271348036,176.284,0,176.682,2611.0,171.6633199999959,0,0,0,1306.6129897497046,1304.3870102502954,1,go_long,1.5193355
143.833,146.855,142.6476196076345,141.21098790196996,143.833,0,145.155,12590.0,141.09695999999624,0,0,0,6323.7970088723405,6266.2029911276595,1,go_long,-0.29844006
149.486,151.638,147.49792162180182,146.17462725056794,149.484,0,150.614,35457.0,145.60447999999636,0,0,0,17795.136947684106,17661.863052315894,1,go_long,-3.07381092
193.332,202.382,186.39382221671613,183.03252776196408,193.332,0,200.017,157215.0,182.491319999996,0,0,0,79943.44120615536,77271.55879384466,1,go_long,3.32687728
115.101,118.334,110.94636292943588,108.18783515539666,114.399,0,117.813,93590.0,106.72403999999602,0,0,0,47339.87081068549,46250.12918931451,1,go_long,2.01119674
281.0,284.667,276.25911538100416,273.3917744077314,280.96,0,283.815,13391.0,271.5633999999958,0,0,0,6728.869922009861,6662.130077990138,1,go_long,1.18299294
87.325,92.838,85.08654641363893,82.34626630473592,87.325,0,90.698,109502.0,81.56871999999593,1,0,0,55788.366649253185,53713.633350746815,1,go_long,-1.51893729
119.479,122.91,117.2315929146934,114.07867802900276,118.65,1,121.299,78334.0,113.49047999999571,0,0,0,39463.056699532346,38870.94330046765,1,go_long,4.34076363
58.676,59.726,57.45062399216442,55.80903542261996,58.424,1,58.559,147945.0,55.07695999999568,1,0,0,73898.6757794174,74046.3242205826,1,go_long,-1.87952985
69.707,71.653,67.67923124561585,65.93433956790106,69.706,0,71.251,65841.0,65.11891999999575,0,0,0,33281.098561273575,32559.901438726425,1,go_long,-2.2405116
87.142,89.874,84.41563539426735,82.2083572563631,86.9,0,89.652,227619.0,81.12931999999574,0,0,0,115425.2892518977,112193.71074810231,1,go_long,-1.07162316
101.0,101.822,97.3385485577002,95.4428037233433,100.028,1,100.484,147222.0,94.56071999999573,0,0,0,73422.48242044034,73799.51757955967,1,go_long,0.30055088
95.514,96.867,94.03516759547752,92.93916917956504,95.514,1,95.528,52653.0,92.48479999999536,1,0,0,26328.429266862782,26324.570733137214,1,go_long,1.48112181
105.923,109.593,104.93382905321369,103.60841330563666,105.923,0,107.113,58104.0,104.06055999999568,1,0,0,29214.281867853322,28889.71813214668,1,go_long,-1.20885432
78.131,78.764,77.69843089010924,77.33489020009313,78.131,0,78.748,5906.0,77.41315999999564,0,0,0,2964.614052868771,2941.385947131228,1,go_long,1.06957939
209.218,211.638,206.22915253035964,202.6957727550198,208.332,0,211.638,3490.0,201.984839999996,0,0,0,1755.0340734122835,1734.9659265877165,1,go_long,-2.8921868
374.997,416.987,373.07466909270016,359.6559274926035,374.997,0,405.844,136265.0,353.52495999999667,0,0,0,70824.0636185856,65440.936381414394,1,go_long,4.26642128
482.323,506.927,539.9111313100216,567.0600108683112,318.066,1,437.236,146633.0,581.1541599999977,0,0,1,69721.71050253436,76911.28949746562,1,go_long,-2.2090683
406.45,611.885,509.1827271509621,547.626020291762,394.091,0,449.828,62286.0,568.2878399999976,0,0,1,32720.66642842628,29565.333571573716,1,go_long,-0.81927392
486.52,493.501,465.83081648021295,455.2594665655513,483.801,0,489.455,18585.0,455.8051599999975,0,0,0,9320.444862829478,9264.555137170522,1,go_long,4.0807877
284.705,290.36,265.8007550090358,260.26885467757694,282.121,1,283.192,17635.0,250.5068399999972,0,0,0,8794.008279670434,8840.991720329568,1,go_long,-3.13680039
381.527,393.7,373.3950057833752,362.47741262668166,378.528,0,389.766,9097.0,361.2393199999973,0,0,0,4597.087361093644,4499.912638906356,1,go_long,0.15547346
376.931,384.231,372.8929115706606,367.36992319334274,376.931,0,382.902,10109.0,365.3863599999971,0,0,0,5094.219806194256,5014.780193805744,1,go_long,3.26934546
186.37,192.155,194.0893660356104,205.5918944185252,182.841,0,185.762,61892.0,209.69551999999592,0,0,1,30895.439532209002,30996.560467791,1,go_long,-1.27523655
215.417,218.925,209.0592268163753,207.34996787475217,213.663,0,217.116,4138.0,208.6261199999968,0,0,0,2077.1270816330775,2060.872918366922,1,go_long,-1.0283484
293.868,304.704,282.8794139563926,278.1586918007042,291.522,0,300.56,86393.0,276.041559999997,1,0,0,43682.80107935696,42710.19892064304,1,go_long,0.65546316
277.849,278.999,275.2933882297091,272.89428849475667,275.704,1,275.972,16540.0,272.44247999999675,1,0,0,8241.971467315252,8298.02853268475,1,go_long,-2.9195181
362.096,379.218,359.76517734447737,356.7718662428251,360.24,0,379.0,71596.0,355.89179999999607,0,0,0,36614.53306993966,34981.46693006034,1,go_long,0.4931478
348.152,357.691,346.6794379019998,358.117880069461,346.449,0,352.294,18926.0,361.49631999999576,0,0,0,9518.95826944547,9407.041730554532,1,go_long,-1.11769192
402.314,418.084,402.0102228455985,397.198576829297,402.314,0,412.0,48793.0,395.6313199999959,0,0,0,24686.68842731428,24106.311572685718,1,go_long,1.49647974
335.417,338.204,332.2878310628747,329.10713244476955,335.417,1,337.237,1040.0,328.4436799999964,0,0,0,521.4069640558148,518.5930359441853,1,go_long,-1.49817762
240.0,242.82,236.76284688560875,234.04259587721296,239.042,0,241.911,6785.0,233.9646399999968,0,0,0,3405.9528315394336,3379.0471684605664,1,go_long,-2.16766588
82.356,82.665,82.37248238684668,82.39481646969251,50.023,0,82.498,620294.0,82.38951999999557,0,0,1,310414.15077583806,309879.849224162,1,go_long,2.0704791
60.441,62.421,60.2821655806945,60.21667310135188,60.441,0,62.19,62580.0,60.22103999999536,0,0,0,31736.267338601167,30843.732661398833,1,go_long,-0.0860734
62.485,62.847,62.09506427811013,61.88293569467812,62.185,0,62.198,13588.0,62.02139999999538,0,0,0,6778.361316298133,6809.638683701868,1,go_long,-2.85728744
110.06,115.24,109.12084178583478,107.78040153252824,109.72,0,114.25,195445.0,107.01239999999656,0,0,0,99547.90802906691,95897.09197093308,1,go_long,0.74998258
102.09,106.59,100.19079997456812,99.567002167623,102.09,0,104.64,166848.0,98.9179999999966,0,0,0,84453.02916848061,82394.97083151937,1,go_long,-1.46169839
122.27,123.48,120.39165272774804,119.03341630135256,122.27,0,122.73,29076.0,119.09959999999664,1,0,0,14565.295836734695,14510.704163265305,1,go_long,-2.05795302
149.96,153.09,147.5194178378327,144.45175244555895,149.9,1,152.35,277481.0,143.26159999999666,0,0,0,139837.353544375,137643.64645562504,1,go_long,-0.17718688
156.04,158.02,154.84569376445407,153.94245335654904,155.95,0,157.22,32166.0,153.7923999999964,0,0,0,16143.582072399922,16022.417927600076,1,go_long,-0.68935942
169.1,171.38,165.14984165275902,162.6689474326828,168.31,0,168.47,241051.0,162.74679999999654,1,0,0,120300.56571970257,120750.43428029743,1,go_long,-1.52622605
94.84,95.5,93.53426973733578,92.38742049814842,94.49,0,95.5,7204.0,92.04439999999651,0,0,0,3614.489860250079,3589.510139749921,1,go_long,-1.52725469
199.17,201.68,196.06744315130229,194.14469860152548,198.63,0,200.64,104133.0,193.1899999999972,0,0,0,52257.93531927666,51875.06468072335,1,go_long,-2.72899209
301.08,306.6,297.3683011535187,293.04893444529745,300.38,0,305.87,97836.0,291.37279999999663,0,0,0,49304.05687453661,48531.943125463375,1,go_long,-1.74866576
2.926,2.926,2.989584538416125,3.040433885821668,2.776,1,2.845,15454.0,3.04312,0,0,1,7618.546179171721,7835.453820828278,0,go_long,0.60308208
1.873,1.873,1.9210121017779875,2.004130122475216,1.75,1,1.753,87793.0,2.029800000000001,0,0,1,42443.77523441809,45349.22476558191,0,go_long,1.55412712
2.057,2.063,2.0787540614551667,2.135320255520849,2.0,0,2.0,105464.0,2.1612800000000005,0,0,1,51991.126448114366,53472.87355188563,0,go_long,2.054913
2.461,2.483,2.519760244181248,2.5492009589138744,2.349,1,2.41,75198.0,2.553760000000001,0,0,1,37205.3336070622,37992.66639293779,0,go_long,1.2422492
2.117,2.172,2.410191068343332,2.549923373390361,1.718,1,1.806,388200.0,2.5883199999999964,0,0,1,178712.51593168496,209487.48406831507,0,go_long,-1.07849751
265.19,269.8,259.8227269634191,256.5218391787888,265.11,0,269.71,64783.0,255.4127999999972,0,0,0,32665.21392783698,32117.78607216302,1,go_long,-0.93307731
91.87,92.51,91.25532733164064,90.56479126776183,91.61,0,92.24,47831.0,90.8399999999964,0,0,0,23963.56221823909,23867.437781760906,1,go_long,-0.25917199
98.09,99.3,96.85086232290575,94.56133770076102,97.96,0,99.25,55878.0,94.27959999999624,0,0,0,28103.230465186985,27774.769534813015,1,go_long,0.68261444
83.77,84.7,87.52833374283817,90.64619190842608,67.55,1,76.85,1226472.0,91.5699999999957,0,0,1,586815.9208068732,639656.0791931266,1,go_long,-2.60709465
81.285,82.997,77.78658358507535,76.26456750935597,81.151,0,82.296,59346.0,75.35795999999543,0,0,0,29856.391732536173,29489.60826746382,1,go_long,-0.9996058
91.716,91.977,91.1340106710394,90.59494879446116,91.631,1,91.796,1440.0,90.34159999999548,0,0,0,720.3138759318193,719.6861240681807,1,go_long,0.9785121
81.53,83.012,81.36075950875679,80.99882271466613,81.517,0,83.012,209783.0,80.94411999999554,0,0,0,105836.23874755383,103946.7612524462,1,go_long,3.21075699
58.039,58.151,57.33279250042938,58.43044579215528,46.803,1,50.168,363970.0,58.89959999999555,0,0,1,168747.37272080366,195222.62727919637,1,go_long,-2.86902441
64.481,67.095,61.279265422680886,59.37925518890029,64.38,0,66.027,229286.0,58.45395999999553,0,0,0,116001.06293867045,113284.93706132959,1,go_long,-1.63781972
77.932,78.781,76.54785800011467,75.47011429648673,77.932,0,78.4,36409.0,75.38007999999562,0,0,0,18258.9975181025,18150.0024818975,1,go_long,2.17907356
57.696,59.611,57.3785080604677,57.23779896465837,57.696,0,59.358,90297.0,57.04943999999556,0,0,0,45789.54436413962,44507.455635860366,1,go_long,-1.21640139
66.687,67.807,66.47124588105783,66.1899392877058,66.687,0,67.238,130964.0,66.06967999999561,0,0,0,65751.40886316968,65212.591136830306,1,go_long,-1.47741802
77.42,79.04,75.4216514350633,73.4482066261863,77.37,1,78.71,159006.0,72.68279999999562,0,0,0,80159.88125280215,78846.11874719785,1,go_long,-2.63597433
100.23,104.57,98.0004413513804,97.1818330792615,97.71,1,97.9,716116.0,96.64759999999563,1,0,0,353847.2538232474,362268.74617675267,1,go_long,-0.61447977
103.64,105.72,101.46100110029889,99.86476057873207,103.58,0,104.71,124855.0,99.38279999999573,1,0,0,62748.101991840645,62106.89800815935,1,go_long,-1.39081854
117.79,122.36,114.52312085359095,112.62305836178172,117.77,0,121.94,347722.0,112.0739999999957,0,0,0,176870.7324072915,170851.26759270846,1,go_long,0.38771182
116.23,118.03,115.15193626061384,113.27768640855282,115.59,1,117.07,13324.0,112.61919999999571,0,0,0,6685.986626660951,6638.0133733390485,1,go_long,1.16568124
102.54,104.06,100.56177967873072,99.1252231676285,101.9,0,103.07,170083.0,98.74759999999554,0,0,0,85260.71110354553,84822.28889645445,1,go_long,-1.05764012
113.77,116.72,113.68661915141742,112.4179780553668,112.97,0,116.27,188619.0,112.98119999999555,0,0,0,95334.42501304121,93284.57498695879,1,go_long,2.97687616
641.215,655.519,625.199766976251,609.6446280663928,639.308,0,650.803,16317.0,609.5180799999976,1,0,0,8219.043814405062,8097.956185594939,1,go_long,2.11674112
1.714,1.714,1.739388812961225,1.741984335022454,1.674,1,1.711,23546.0,1.741039999999999,0,0,0,11762.687883211678,11783.312116788322,0,go_long,0.3612336
613.696,634.654,598.0866316452687,580.5045864499459,613.696,0,628.0,19472.0,575.8919199999973,0,0,0,9848.156070406929,9623.843929593073,1,go_long,-0.2924009
414.112,416.999,405.4701720971072,402.6323770905642,411.561,0,416.039,13480.0,401.78175999999735,0,0,0,6755.645322357016,6724.354677642983,1,go_long,-2.26039128
39524.5,40465.7,39457.0455057742,39314.4107666088,39457.9,0,40465.7,14231731.0,39293.92400000002,0,0,0,7199593.914338256,7032137.085661744,1,go_long,0.91268482
35787.4,35878.5,35034.446018211696,34733.01454833074,35583.4,0,35708.5,5436437.0,34616.03200000002,1,0,0,2715218.7833777885,2721218.2166222124,1,go_long,-2.82365
49628.0,49788.0,49451.466481005285,49262.4519309511,49450.0,1,49663.1,2492469.0,49194.51200000006,0,0,0,1246675.05137822,1245793.9486217797,1,go_long,0.04265896
47985.8,49321.7,48113.647334475936,48015.63403602504,47985.8,0,48919.8,10203764.0,47996.06800000004,1,0,0,5151055.193169435,5052708.8068305645,1,go_long,-1.62776032
64331.4,66135.4,64366.757811984426,64138.45341820832,64288.0,0,65886.9,12546435.0,64059.73600000001,0,0,0,6348153.125954647,6198281.874045353,1,go_long,1.61046436
48910.9,54761.1,50781.57410094172,52022.05094257656,41510.0,1,45623.8,53197864.0,52421.45600000004,0,0,1,25674050.98406405,27523813.015935946,1,go_long,-0.79378868
35259.6,37499.8,36237.74396871985,37331.21221636215,35237.7,0,37453.0,11320571.0,37777.148000000016,0,0,0,5831029.913151228,5489541.086848771,1,go_long,-0.50887156
40714.9,63942.2,40910.92799852711,41280.87309945517,39700.0,1,39877.0,30510193.0,41424.72800000005,1,0,1,15096491.908752618,15413701.091247384,1,go_long,-0.70800216
41845.0,44562.4,41887.40540497746,41316.500836403946,41796.2,0,43654.6,22774632.0,41439.11999999974,0,0,0,11628328.671797294,11146303.328202704,1,go_long,2.71656946
29583.6,30095.9,29386.33584424444,29128.339320167222,29494.8,0,29992.6,5706608.0,28982.987999999827,0,0,0,2872892.381534908,2833715.6184650916,1,go_long,1.6915653
21136.1,21601.6,21155.16974025319,21100.469038794155,21106.4,0,21524.2,22921313.0,21166.89199999984,0,0,0,11564919.26391985,11356393.73608015,1,go_long,-1.0821228
23986.3,24185.5,23882.58035684535,23756.80288522693,23977.5,0,24176.2,13998664.0,23718.09199999986,0,0,0,7026929.677587334,6971734.322412666,1,go_long,0.65753571
21654.4,21994.4,21723.41062674477,21682.42579640201,21651.7,0,21932.0,7103747.0,21663.15999999982,0,0,0,3574495.23713819,3529251.7628618106,1,go_long,1.59562596
17615.0,17951.1,17263.901238588147,16979.497491554466,17582.8,1,17678.9,10941337.0,16840.407999999832,0,0,0,5480573.206398273,5460763.793601727,1,go_long,-0.6582264
42904.3,43337.4,42804.89029620786,42693.05791583987,42747.7,0,43286.4,25887246.0,42628.40799999983,0,0,0,13001004.577691097,12886241.422308901,1,go_long,-0.27088792
19207.0,19290.2,19059.4776891121,18978.809521583844,19204.3,0,19247.7,4887465.0,18962.91599999983,0,0,0,2446318.917596549,2441146.0824034517,1,go_long,-1.43321464
55450.0,56540.0,55060.34745865685,54902.72841768315,55315.6,0,55577.5,4094604.0,54785.58400000006,1,0,0,2049653.048208777,2044950.951791223,1,go_long,1.81097479
56712.1,107711.1,56482.073787906746,56393.55387586965,56600.0,1,56673.7,109853.0,56169.66400000005,0,0,0,54907.89822094125,54945.10177905876,1,go_long,-0.15813555
7949.0,8044.5,7918.106162172969,7890.007851794179,7940.5,0,8029.5,837360.0,7870.78,1,0,0,420789.31814625906,416570.68185374094,1,go_long,1.00630896
7223.3,7223.3,7207.468065751243,7380.007126255799,6274.0,1,6295.2,31623366.0,7424.364,0,0,1,14726146.661478713,16897219.338521287,1,go_long,1.90223805
4150.0,5172.3,4606.418282722671,4984.682847339403,4133.0,0,5146.3,16454328.0,5080.456000000001,0,0,1,9108882.90894227,7345445.091057734,1,go_long,-1.78129313
5944.0,6332.0,5893.613847341107,5773.5958861084055,5928.5,0,6235.4,12209832.0,5763.587999999994,0,0,0,6250980.05261343,5958851.947386571,1,go_long,-2.38399215
7748.8,7863.0,7739.828911486239,7733.835774153325,7710.0,0,7755.1,16442366.0,7731.883999999994,1,0,0,8224523.672534008,8217842.3274659915,1,go_long,-3.09318529
9838.5,10261.9,9791.122025785997,9741.122068155011,9838.5,0,10022.1,35169936.0,9718.531999999992,0,0,0,17747531.070843786,17422404.92915622,1,go_long,-1.7317612
57502.2,59528.0,57518.14765724841,57198.8195001044,57389.3,0,59208.7,4541053.0,57057.12000000005,0,0,0,2303725.2284156834,2237327.771584316,1,go_long,0.26762445
11668.1,11766.6,11628.051821083644,11571.920473852662,11660.4,0,11725.6,2159191.0,11550.684000000045,0,0,0,1082249.0666119512,1076941.933388049,1,go_long,-3.61627696
21214.5,21437.5,20923.99101044025,20747.270098047964,21214.5,0,21322.3,1919527.0,20782.44400000004,0,0,0,962195.8057987436,957331.1942012563,1,go_long,-3.31471212
29466.0,29645.5,29336.74206390953,29267.35502419617,29460.1,0,29511.1,1499176.0,29216.008000000053,0,0,0,750161.212633378,749014.787366622,1,go_long,-2.96646642
39046.9,39710.5,38549.36183600022,38175.03416414797,39041.3,0,39161.7,1894135.0,38062.76400000004,0,0,0,948457.6712727244,945677.3287272755,1,go_long,0.26223198
37673.5,38319.3,34641.967389581456,33915.625828704935,36354.6,0,36464.8,12948888.0,33491.93200000005,1,0,0,6368889.105123802,6579998.894876197,1,go_long,-1.62043144
42877.3,44883.9,41074.3500011626,40145.81826394855,42702.7,0,44012.8,11610798.0,39810.132000000056,0,0,0,5881265.301966507,5729532.698033493,1,go_long,-3.08321762
56595.6,107525.0,56276.18433552384,56284.32253733387,56549.0,0,56633.5,148710.0,56176.28800000005,0,0,0,74379.88807647504,74330.11192352495,1,go_long,-2.21934249
16128.1,16319.7,16142.34833232844,16087.902197951156,16120.1,0,16319.5,3624639.0,16089.69600000004,0,0,0,1823009.9039836538,1801629.0960163465,1,go_long,-3.05183322
22450.5,23005.4,22330.134981243285,22235.725289050308,22376.5,0,22888.0,29231212.0,22174.36799999985,0,0,0,14756641.270796344,14474570.729203656,1,go_long,-1.63774496
26968.4,27155.2,26868.59538078342,26780.95809220137,26939.3,0,27118.3,5687251.0,26768.135999999853,0,0,0,2851506.540301035,2835744.459698965,1,go_long,-0.13429505
27209.6,28282.2,27237.488462719684,27169.177508234723,27209.5,0,27851.4,45730314.0,27128.63199999985,1,0,0,23131677.00077369,22598636.99922631,1,go_long,-2.27393108
189.499,195.18,186.36201134477253,181.23841231049045,189.499,0,193.594,14474.0,181.26083999999983,0,0,0,7314.358539571332,7159.641460428669,1,go_long,-0.3966501
201.216,205.0,197.27744390897445,195.01526223467056,201.216,0,201.585,2683.0,193.5993599999996,0,0,0,1342.7289281804167,1340.2710718195833,1,go_long,-2.67250472
261.305,269.431,255.75205140742872,250.8153926492897,261.305,0,267.999,4474.0,249.6229599999996,0,0,0,2265.2908838776957,2208.709116122304,1,go_long,-1.8578385
328.751,330.0,321.989192774488,317.1831024699681,327.942,0,329.999,2317.0,315.6761999999994,0,0,0,1160.6947749525618,1156.3052250474382,1,go_long,-3.78961926
420.17,457.622,390.557078539178,372.1022901830697,417.279,0,423.449,122681.0,364.77679999999935,1,0,0,61578.91983110859,61102.08016889141,1,go_long,-2.37647036
525.995,539.999,509.3370440138376,501.105620564885,520.466,0,536.305,12376.0,499.4664799999992,0,0,0,6248.056744799021,6127.943255200979,1,go_long,-0.15365291
153.865,154.4,150.74576760473587,148.705384562651,153.865,1,154.4,573.0,148.11595999999986,0,0,0,286.99722641234,286.00277358766,1,go_long,-2.45980866
540.486,545.611,520.9489690404008,511.2049281916984,535.033,0,542.125,9970.0,506.2372799999994,0,0,0,4992.5469536149185,4977.453046385082,1,go_long,-0.79353268
375.616,393.328,367.6737573500189,358.1244162631742,374.928,0,389.137,2457.0,356.6658399999985,1,0,0,1250.2201482047146,1206.7798517952856,1,go_long,3.33313062
404.994,406.735,397.7618566023853,392.80787346045145,160.0,0,401.842,205962.0,397.09807999999873,0,0,0,102578.69257693012,103383.30742306987,1,go_long,-0.2176566
407.501,417.834,399.64149655294113,394.3838848531905,405.999,0,417.834,7969.0,393.1586399999985,0,0,0,4034.385002453549,3934.614997546451,1,go_long,0.76625908
375.338,379.323,371.34950085956666,368.9446142783108,375.338,0,377.966,9414.0,369.1604399999973,0,0,0,4723.420988073872,4690.579011926127,1,go_long,-1.6642893
458.8,468.762,450.0809759960842,443.6095581973703,455.685,0,466.229,12359.0,442.18551999999727,0,0,0,6229.128179765175,6129.8718202348255,1,go_long,1.73653616
368.847,386.388,370.60688914593095,391.5463621775168,351.438,0,360.201,31910.0,400.49031999999744,0,0,1,15765.784845442275,16144.215154557724,1,go_long,-1.15042232
454.681,885.728,467.416889441794,472.9520257567728,434.207,1,448.917,26641.0,475.8925199999989,0,0,1,13235.529291786834,13405.470708213166,1,go_long,1.29387998
126.225,127.828,119.15559119399556,115.94894786626526,123.781,0,123.794,1745.0,114.90903999999982,1,0,0,864.016454749439,880.983545250561,1,go_long,-2.36779848
108.375,113.115,107.89755071664386,105.39465822465324,108.375,0,112.49,9532.0,105.39535999999993,0,0,0,4854.796731034795,4677.203268965205,1,go_long,-1.06560976
85.448,87.543,84.32712761363162,83.03885363940438,85.448,0,87.17,8177.0,82.63607999999994,0,0,0,4129.285995666733,4047.7140043332674,1,go_long,-2.88421738
32170.4,37103.0,31989.331645666727,31551.729028467824,32014.8,0,34098.3,62859429.0,31427.487999999845,1,0,0,32344072.961604796,30515356.038395196,1,go_long,-1.96507943
43923.8,44267.6,43738.27365069743,43398.890598229686,43885.3,0,43906.7,9760431.0,43457.58799999985,1,0,0,4879265.35528888,4881165.64471112,1,go_long,-0.14216967
62537.0,64286.4,61626.08548613358,60707.6724168109,62270.0,0,64000.1,25247398.0,60513.239999999845,0,0,0,12769661.994306808,12477736.005693192,1,go_long,0.10860971
64469.2,65499.9,64451.381417504286,64261.55345015471,64414.3,0,65355.3,11590173.0,64150.43599999984,0,0,0,5834640.098493736,5755532.901506264,1,go_long,0.45325467
61448.3,61797.0,61021.266166302834,60732.90696676673,61371.3,0,61389.7,4360185.0,60654.85199999981,0,0,0,2179052.4845284033,2181132.5154715967,1,go_long,-0.11531059
62301.3,62738.9,60873.99128450619,60131.27692725574,62070.7,0,62318.2,5522666.0,60012.84399999984,0,0,0,2761707.472114717,2760958.527885283,1,go_long,-0.34396966
65300.2,65831.2,65114.27460366053,64763.417727036816,65260.3,1,65533.1,6531638.0,64724.24799999985,1,0,0,3271632.575329064,3260005.4246709365,1,go_long,-1.16917048
76842.0,77500.0,76786.40029963279,76637.43824582298,76835.9,0,77247.5,9260383.0,76598.04799999984,0,0,0,4642376.254011467,4618006.745988533,1,go_long,-2.91306813
47.655,47.7,46.22130567343061,45.9951566951567,47.068,0,47.7,538.0,45.90740000000001,0,0,0,269.126946672959,268.873053327041,1,go_long,-3.6797901
63.565,66.3,62.52977831886154,61.35033563614844,63.565,0,65.439,6623.0,61.42036000000002,1,0,0,3359.6051052680536,3263.3948947319464,1,go_long,-0.7290951
68.693,69.763,67.29320967351956,66.72946418596713,67.363,0,67.363,16938.0,67.34588000000002,0,0,0,8386.21225083789,8551.787749162111,1,go_long,-2.32154595
82.7,82.7,80.53700487664157,79.75360818599754,82.026,0,82.4,13182.0,79.69468,0,0,0,6579.023622047243,6602.976377952756,1,go_long,1.803015
66.667,69.162,64.02881082140773,62.23468994487846,66.667,0,67.819,45281.0,61.13859999999997,1,0,0,22834.437331766876,22446.562668233128,1,go_long,-1.50533236
76.596,78.74,76.10169354115204,75.67378253118282,76.596,0,77.18,18302.0,75.58479999999996,0,0,0,9185.753043387786,9116.246956612214,1,go_long,-2.31823787
93.17,95.46,92.5864479837896,91.79172790586648,93.144,0,94.493,26772.0,91.363,0,0,0,13480.369577380729,13291.63042261927,1,go_long,0.8080479
525.795,531.014,518.5388231096595,510.7672917093108,525.0,0,526.011,2781.0,514.3202799999972,0,0,0,1390.7855545604418,1390.214445439558,1,go_long,-1.01066569
2.02,2.02,2.0272720813083103,2.043769932856967,1.7000000000000002,1,1.827,976818.0,2.0472799999999967,0,0,1,463906.02703405253,512911.9729659475,0,go_long,0.04749264
1.365,1.378,1.500362778632614,1.5924444866261025,1.043,1,1.11,1296147.0,1.6287199999999948,0,0,1,581302.2909090909,714844.7090909091,0,go_long,-0.1971745
1.088,1.09,1.1016655758395486,1.1057052373070702,1.087,1,1.09,17405.0,1.104719999999998,0,0,1,8710.491276400367,8694.508723599634,0,go_long,-3.01371004
502.187,502.187,504.9983197845793,507.90747171054295,491.225,1,492.516,4265793.0,509.2381199999992,0,0,1,2112159.413601849,2153633.5863981512,0,go_long,-1.23173403
430.615,430.973,435.1709923886583,435.6776280297119,427.369,1,427.861,916710.0,436.07639999999975,0,0,1,456884.59235901764,459825.4076409824,0,go_long,-1.21798956
374.642,375.658,379.4927898011954,383.8877894430068,373.174,0,374.755,80201.0,385.7732799999986,0,0,1,40106.5466701895,40094.4533298105,0,go_long,0.88926096
413.93,413.93,416.38862710793023,418.99322197906713,410.501,1,412.104,328905.0,419.7741999999982,0,0,1,164088.9674274909,164816.03257250914,0,go_long,-1.2062437
220.678,242.633,236.3817432531069,246.0083330136173,215.957,0,239.154,5772197.0,248.74623999999923,0,0,0,3002061.6254153694,2770135.374584631,0,go_long,1.2469122
279.098,279.858,280.82935467364626,282.3487305572141,273.437,1,274.682,1718630.0,282.05623999999875,0,0,1,852462.5765827586,866167.4234172415,0,go_long,-1.25743604
546.711,550.999,566.9389231704005,577.4761470660123,516.176,1,530.107,10785596.0,580.7468399999988,0,0,1,5309643.726954787,5475952.273045213,0,go_long,-0.48718816
235.368,235.395,237.4643768820244,239.45515589185104,234.624,0,234.902,262045.0,240.40555999999927,0,0,1,130892.66716992366,131152.33283007634,0,go_long,3.11546127
286.618,287.658,292.1224175009754,292.75380239545154,281.368,1,283.118,993476.0,293.1582399999992,0,0,1,493686.4410323378,499789.5589676622,0,go_long,-0.51767052
268.659,268.735,268.4668899723429,269.00498806442585,265.352,1,266.407,1208172.0,268.7197999999994,1,0,1,601543.5067898165,606628.4932101833,0,go_long,0.47940008
283.624,285.22,288.7001786991213,293.3851833878943,280.216,1,280.669,939473.0,294.42959999999886,0,0,1,467276.65846820705,472196.3415317929,0,go_long,-0.11443132
283.598,283.617,282.09114168744816,282.2914212476502,274.26,1,276.869,3218061.0,281.9484399999984,0,0,0,1589712.3845097034,1628348.6154902964,0,go_long,0.77252544
307.735,308.818,309.9579860383269,308.3882214179854,299.364,1,304.477,6124543.0,309.11659999999864,0,0,0,3045975.052777469,3078567.947222531,0,go_long,-0.17087638
305.126,306.334,309.04947619090547,310.73454923446104,297.349,1,299.423,2525713.0,310.9833199999992,0,0,1,1250943.3703454973,1274769.6296545027,0,go_long,0.34814057
322.328,322.418,323.56699720203727,323.7431052780907,318.899,1,319.593,580303.0,323.64123999999924,0,0,0,288915.2663318383,291387.7336681616,0,go_long,-0.99438948
309.729,328.17,313.6279274815741,313.89591020573675,309.56,0,324.862,10441524.0,315.19347999999945,0,0,0,5345260.758012641,5096263.241987359,0,go_long,0.21140862
630.61,630.611,634.205171735949,635.9239108577609,626.447,1,629.578,2605079.0,635.4659199999988,0,0,1,1301472.8172796438,1303606.182720356,0,go_long,-1.46204561
397.984,418.051,445.1578904141375,460.53816826306434,341.849,1,392.574,4407708.0,463.3445599999993,0,0,1,2188772.4371798146,2218935.562820185,0,go_long,0.67725199
21.515,21.515,21.645452640735588,21.81818686537332,21.0,1,21.192,1262.0,21.838559999999845,0,0,1,626.2276441801109,635.772355819889,0,go_long,-0.0419256
21.523,21.523,21.85141770571268,22.112638480895104,20.685,1,20.86,4358.0,22.06727999999988,0,0,1,2144.913762593493,2213.0862374065073,0,go_long,2.89461936
27.119,27.229,27.983800611618328,28.33086563812613,26.7,1,27.058,8668.0,28.483519999999903,0,0,1,4329.120180150248,4338.879819849752,0,go_long,0.76960498
29.53,29.53,29.59779929986352,29.72968580528457,28.861,1,28.861,31814.0,29.73111999999985,0,0,1,15724.749601822197,16089.2503981778,0,go_long,0.92279686
31.828,31.828,32.08156859680248,32.40816819663961,31.367,1,31.367,825.0,32.48771999999984,1,0,1,409.490861618799,415.509138381201,0,go_long,-0.03182519
31.7,31.7,31.955679414899905,32.119141096948454,31.256,1,31.4,945.0,32.1651199999998,0,0,1,470.2535657686213,474.7464342313788,0,go_long,3.83113821
425.403,426.638,431.84815901910616,433.7431484667247,421.323,1,422.792,1204266.0,434.55007999999856,0,0,1,600279.4530408692,603986.5469591309,0,go_long,4.4817887
43.61,43.61,44.09666224440616,44.63564330206233,43.5,0,43.5,131.0,44.935959999999774,0,0,1,65.41728848582252,65.58271151417748,0,go_long,17.27844251
280.366,280.366,283.9737203497405,284.59731267622726,264.374,1,269.853,9456.0,287.58623999999986,0,0,1,4637.6623998807745,4818.337600119225,0,go_long,4.06868343
388.249,388.249,392.31983027046425,397.2703191279928,375.319,1,376.756,11501.0,400.4771999999999,0,0,0,5664.107758772819,5836.892241227181,0,go_long,6.11044213
251.843,254.545,256.33631347750975,265.3691311644552,237.077,1,237.843,2289158.0,264.5266800000002,0,0,1,1111855.7732792036,1177302.2267207967,0,go_long,3.32166836
319.531,320.106,325.5523588840338,329.46533442295737,316.178,1,318.835,480454.0,331.4969599999999,0,0,1,239965.08443432138,240488.91556567862,0,go_long,-1.01039813
293.009,293.009,294.0498209347889,296.30468645836925,280.923,1,284.138,3601822.0,297.3146400000001,0,0,1,1773230.2159345886,1828591.7840654117,0,go_long,4.23906721
412.291,412.291,416.3263188443438,419.5716719727119,403.181,1,406.148,599027.0,419.5667199999991,0,0,1,297265.42600731394,301761.57399268606,0,go_long,-0.47969026
127.0,127.221,134.11507777688567,134.46343578206714,116.001,1,121.43,36210.0,138.46835999999988,0,0,1,17699.071368192246,18510.928631807754,0,go_long,12.2955342
336.879,336.879,337.26355849909606,339.06349705553424,329.44,1,331.233,2641120.0,339.69440000000054,1,0,1,1309400.3714347293,1331719.6285652705,0,go_long,-0.7651009
304.928,304.928,306.3634633779864,307.3704977930625,303.583,1,304.281,294681.0,307.74796000000066,0,0,1,147184.0195417336,147496.98045826636,0,go_long,-2.03258842
240.031,240.218,241.5403810603196,242.94033877563456,237.462,1,238.697,2094908.0,243.39700000000067,0,0,1,1044535.215980682,1050372.784019318,0,go_long,0.11211196
0.3518,0.3634,0.3462905026262167,0.3416847807092421,0.3518,0,0.3596,899.0,0.3420879999999999,0,0,0,454.42845094180484,444.57154905819505,1,go_long,-0.713066
0.3856,0.4007,0.380810059315938,0.3741530687243463,0.3856,0,0.3988,4512.0,0.3740159999999999,0,0,0,2293.964303926568,2218.035696073432,1,go_long,-0.19413
8.198,8.2,8.365324240412669,8.552643644235136,8.09,0,8.094,19201.0,8.625200000000056,0,0,1,9539.215197643014,9661.784802356984,0,go_long,-0.68635174
0.1201,0.1438,0.1300553349727449,0.1433457552404175,0.116,0,0.14,86476.0,0.1469399999999986,0,0,1,46546.09765474818,39929.90234525182,1,go_long,-2.582342
0.1571,0.1657,0.1531407861939906,0.1473068870471542,0.1571,1,0.1645,519.0,0.1430399999999986,0,0,0,265.4710820895522,253.52891791044775,1,go_long,-0.487548
0.1578,0.1698,0.1477477729053652,0.1464850048646561,0.1201,1,0.1311,12702.0,0.1426799999999986,0,0,0,5764.043613707165,6937.956386292834,1,go_long,-0.180426
0.264,0.2693,0.2642712150749928,0.2627219178415716,0.264,0,0.2693,3351.0,0.2626600000000004,0,0,0,1692.1513219576223,1658.8486780423777,1,go_long,-2.763879
0.1498,0.155,0.1488069535871098,0.1460517923244166,0.1498,0,0.1542,2330.0,0.1453719999999987,0,0,0,1181.8618421052631,1148.1381578947369,1,go_long,-2.210694
0.2196,0.2225,0.2181774799524061,0.2164520522562385,0.2196,0,0.2225,2951.0,0.216251999999999,0,0,0,1485.1786926034833,1465.8213073965164,1,go_long,-0.350076
0.2295,0.2317,0.2274363357079259,0.2257783056870745,0.2295,0,0.2317,13823.0,0.2257679999999987,0,0,0,6944.468993928881,6878.531006071119,1,go_long,-0.463028
0.243,0.244,0.240853135163623,0.2385496324675113,0.243,0,0.244,2346.0,0.2380479999999989,0,0,0,1175.4086242299795,1170.5913757700205,1,go_long,-2.870448
0.3092,0.3367,0.291011545496594,0.2846889386242165,0.3092,0,0.3345,75488.0,0.281119999999999,0,0,0,39227.491067267365,36260.50893273264,1,go_long,0.121065
0.3321,0.3321,0.3271650297335364,0.3296801776162561,0.2529,1,0.2901,139090.0,0.3310199999999995,0,0,1,64850.544840887174,74239.45515911283,1,go_long,-3.143583
0.3945,0.4005,0.3894204589589826,0.3866135547909098,0.3945,0,0.3999,12068.0,0.3864640000000002,1,0,0,6075.016616314199,5992.983383685801,1,go_long,-2.810784
0.1889,0.1908,0.1870054098859509,0.1859396319307903,0.1889,0,0.1908,1672.0,0.1863319999999986,0,0,0,840.1833026073215,831.8166973926784,1,go_long,-1.56062
0.3208,0.3295,0.3199377549927857,0.3183532763532764,0.3208,0,0.3295,61.0,0.317992,0,0,0,30.908042441949874,30.09195755805013,1,go_long,1.833069
757.2,760.05,763.9723803484758,768.0175442284532,750.3,1,750.5,1076682.0,773.9600000000006,0,0,1,535948.6907209657,540733.3092790344,0,go_long,-0.52367736
556.8,556.8,557.8008014344043,559.2565667723208,554.5,1,555.35,166633.0,559.4500000000014,0,0,1,83207.8735332464,83425.12646675357,0,go_long,2.98273334
240.87,240.913,240.8630445862853,241.1824668155336,237.013,1,238.387,2077777.0,241.1153600000008,0,0,1,1033506.0848333983,1044270.9151666017,0,go_long,-0.67946179
218.931,237.139,219.7155797673553,218.62710430674767,218.788,0,229.858,13212423.0,218.0729200000009,1,0,0,6767057.851092607,6445365.148907393,0,go_long,-0.71713223
215.938,215.938,216.1210690815615,217.0024521881008,213.018,1,213.5,1407511.0,217.2797600000009,0,0,1,699760.1481471133,707750.8518528867,0,go_long,1.36917886
250.5,250.5,250.7451465376577,251.1982914746012,247.95,1,248.9,731059.0,251.28400000000104,0,0,1,364358.4002803364,366700.5997196636,0,go_long,-0.63753597
240.0,240.1,238.2937959610311,239.1583898040236,225.9,1,230.4,7441105.0,239.62400000000088,0,0,1,3644622.8571428573,3796482.142857143,0,go_long,2.02827437
323.5,323.95,321.9825768264809,321.6388413462657,250.3,1,298.15,40188912.0,322.49000000000103,0,0,0,19275032.756052442,20913879.243947558,0,go_long,0.82900309
319.55,319.6,320.04672951676105,320.3601114420014,317.7,1,318.3,200602.0,320.2860000000011,0,0,1,100104.43928823392,100497.56071176608,0,go_long,8.53531534
604.25,606.55,606.0451330957571,608.8571637321133,598.4,1,600.05,1635084.0,609.198000000001,0,0,1,814690.8197293034,820393.1802706968,0,go_long,-0.36529918
599.35,599.35,602.958998882247,608.1852214598515,566.2,1,585.3,21660878.0,609.0020000000011,0,0,1,10701989.527202126,10958888.472797872,0,go_long,-0.25327244
568.2,572.1,577.7475130097242,581.5809896519166,563.4,1,571.6,3301793.0,583.0300000000011,0,0,1,1655821.090366731,1645971.9096332688,0,go_long,0.59256169
615.25,616.4,618.395037630619,621.1484929324325,608.95,1,614.25,1396256.0,621.4340000000012,0,0,0,697560.1854412362,698695.8145587638,0,go_long,-2.37559061
500.55,501.85,503.5429556495607,510.9048715863736,467.55,1,478.3,6525013.0,514.5920000000012,0,0,1,3188347.2625019155,3336665.7374980845,0,go_long,0.98714929
537.55,538.4,542.3718979171912,547.4670263163039,531.65,1,533.55,237933.0,548.3780000000013,0,0,1,118522.22215479414,119410.77784520587,0,go_long,-0.39292623
515.25,515.25,518.8026891047979,521.1796708275567,500.8,1,508.25,1871190.0,522.1160000000013,0,0,1,929196.206643869,941993.793356131,0,go_long,0.43569503
537.6,539.15,543.4626548840822,545.2800142987734,535.25,1,538.0,1058898.0,545.1240000000013,0,0,1,529645.8943845296,529252.1056154706,0,go_long,0.23946898
18.239,18.298,18.63048575068072,18.65197025849128,17.931,1,18.27,9213.0,18.74735999999988,0,0,1,4610.411405406886,4602.588594593114,0,go_long,1.51419013
16.657,16.834,17.08238032854468,17.20452077927078,16.61,1,16.834,18844.0,17.234239999999943,0,0,1,9471.795288286407,9372.204711713593,0,go_long,0.9303635
16.505,16.505,16.57242073783995,16.853906261133698,13.666,1,14.61,11204.0,17.009279999999997,0,0,1,5260.820825968183,5943.179174031818,0,go_long,1.50237864
12.895,12.895,14.194309573088573,14.38979663585529,12.895,1,12.895,1.0,14.466999999999974,0,0,0,0.5,0.5,0,go_long,2.54850445
0.1034,0.1038,0.1043206352166611,0.1043700481494644,0.1024,1,0.1031,3928658.0,0.1050479999999999,0,0,1,1961475.253268765,1967182.746731235,0,go_long,1.3582994
0.1195,0.1195,0.1203048090735839,0.1214359557153422,0.1147,1,0.1178,24508321.0,0.1220679999999999,0,0,1,12166372.582385166,12341948.417614833,0,go_long,0.28381596
0.1237,0.1237,0.1246781631892131,0.1252822325945278,0.1224,1,0.1236,619953.0,0.1254239999999999,0,0,1,309851.15568135865,310101.84431864135,0,go_long,2.06224879
0.1664,0.167,0.1641906374993275,0.1658432810405544,0.1355,1,0.1449,22547863.0,0.167224,0,0,1,10495295.048827497,12052567.9511725,0,go_long,1.89573384
0.1757,0.2,0.1798885496003609,0.1775118430709135,0.1755,0,0.1991,14327994.0,0.1770440000000001,0,0,0,7611268.957844183,6716725.042155816,0,go_long,24.4646634
0.469,0.4698,0.4721408428434644,0.4843612363853004,0.2997,1,0.3903,42851489.0,0.4906040000000002,0,0,1,19463442.51914349,23388046.48085651,0,go_long,-1.630624
0.0909,0.091,0.0918688815083254,0.0934087981067263,0.0906,0,0.0908,285189.0,0.0941119999999997,1,0,0,142516.0220143093,142672.9779856907,0,go_long,1.17100943
0.3338,0.3338,0.3348179990559287,0.3368737017337633,0.3297,1,0.3306,519870.0,0.3370200000000002,0,0,1,258683.0553883203,261186.9446116797,0,go_long,2.25136702
0.3136,0.3142,0.3213764675966247,0.3356986803545875,0.2513,1,0.273,6676737.0,0.3394560000000012,0,0,1,3107311.968973747,3569425.0310262525,0,go_long,-0.16351687
0.273,0.273,0.2768401616611448,0.2801322440672871,0.2674,1,0.2709,349226.0,0.2824680000000011,0,0,1,173938.8185328185,175287.18146718145,0,go_long,1.93003307
0.3335,0.3335,0.3324544923238316,0.3390569847536582,0.2792,1,0.2823,9528513.0,0.3432159999999999,0,0,1,4368137.739363429,5160375.26063657,0,go_long,-0.58015443
0.2728,0.2729,0.2766985846344964,0.2790640349081439,0.2641,1,0.2674,10822081.0,0.2795640000000001,0,0,1,5356950.128470938,5465130.871529063,0,go_long,-1.18016239
0.2409,0.2414,0.2433482885630785,0.2449028875350821,0.2377,1,0.2384,1133759.0,0.244532,0,0,1,563922.6905904444,569836.3094095556,0,go_long,0.68481576
0.2805,0.2816,0.2811912895693154,0.284535922132334,0.2527,1,0.2661,13112513.0,0.2854800000000004,0,0,1,6383534.045554336,6728978.954445665,0,go_long,-0.40936165
0.4167,0.4168,0.4247688772569206,0.4267970507691936,0.3714,1,0.4004,3557476.0,0.4278240000000014,0,0,1,1743254.6694407049,1814221.3305592951,0,go_long,0.72896001
0.1143,0.1147,0.1166677335679397,0.1175737168088045,0.1136,1,0.1136,150997.0,0.1176719999999997,0,0,1,75266.6046511628,75730.3953488372,0,go_long,-1.9558326
0.1315,0.1315,0.1315877735294283,0.1323455291298375,0.129,1,0.1294,1750380.0,0.1324079999999996,1,0,1,868145.542353392,882234.4576466079,0,go_long,-1.17361293
0.1577,0.158,0.1627291884405821,0.1641190375734803,0.1536,1,0.1577,88718.0,0.1645519999999998,0,0,1,44359.0,44359.0,0,go_long,-1.7368399
0.756,0.756,0.7696885269736086,0.7755208407737234,0.737,1,0.747,55271.0,0.7753999999999985,0,0,1,27470.017964071852,27800.982035928144,0,go_long,-0.9440739
0.68,0.681,0.6932214695966468,0.6993568277437232,0.671,1,0.676,41429.0,0.6994800000000008,0,0,1,20653.39528023599,20775.60471976401,0,go_long,-1.6178568
0.56,0.56,0.5681179966704362,0.5701070698175584,0.557,1,0.557,1090.0,0.5717999999999995,0,0,1,543.5362578334826,546.4637421665176,0,go_long,3.31283535
0.326,0.326,0.350462442537252,0.3666208183257106,0.275,1,0.287,965451.0,0.3666400000000008,1,0,1,452013.76345840126,513437.23654159874,0,go_long,1.28870618
0.2,0.203,0.2059924657334491,0.2089549525023822,0.193,1,0.2,4412.0,0.2103200000000008,0,0,1,2206.0,2206.0,0,go_long,2.80913052
0.267,0.267,0.2686196274566104,0.2715488029759211,0.263,1,0.264,54870.0,0.2712000000000009,0,0,1,27280.0,27590.0,0,go_long,2.5991017
0.3468,0.3487,0.3545249495453581,0.3588851612219373,0.3358,1,0.3393,404357.0,0.3617559999999995,0,0,1,199968.41582859642,204388.58417140364,0,go_long,-2.70593577
0.2437,0.2437,0.2483667632342104,0.2507545236060647,0.2259,1,0.234,26891.0,0.2521159999999997,0,0,1,13172.480636382668,13718.519363617332,0,go_long,0.18765012
0.2451,0.2451,0.2493173169420484,0.2505098148668813,0.2388,1,0.2416,97244.0,0.2507879999999993,0,0,1,48272.34518183686,48971.654818163144,0,go_long,0.57878597
0.168,0.168,0.1726826844548013,0.1768808653864254,0.1536,1,0.1591,200264.0,0.1778759999999994,0,0,1,97407.5279730969,102856.47202690308,0,go_long,0.67442142
0.1733,0.1733,0.1776529234362451,0.1789600705558282,0.1731,1,0.1731,5158.0,0.1797079999999999,0,0,1,2577.510969976905,2580.4890300230945,0,go_long,-1.25778965
0.1495,0.1495,0.1515359710533741,0.1504203908824013,0.1484,1,0.1484,1616.0,0.1498520000000003,1,0,0,805.0164484726419,810.9835515273581,0,go_long,4.477608
0.2214,0.2518,0.2171184809982513,0.2126035742444378,0.2209,0,0.2496,8974455.0,0.2103560000000004,0,0,0,4755889.528662421,4218565.47133758,0,go_long,0.2883373
0.1595,0.1595,0.1607540415403624,0.1616873894943335,0.1559,1,0.1563,195545.0,0.1619639999999999,0,0,1,96781.77169094364,98763.22830905637,0,go_long,3.09664485
0.2139,0.214,0.2130782141493624,0.2119903905995893,0.208,1,0.209,1753652.0,0.2121640000000001,0,0,0,866666.5121778197,886985.4878221801,0,go_long,-2.3216952
0.2565,0.2583,0.2585619089084551,0.2596776347181839,0.2552,0,0.2582,206415.0,0.2597760000000006,0,0,0,103548.38352438314,102866.61647561689,0,go_long,0.50366219
0.657,0.6925,0.6296311951613074,0.6059044711866723,0.657,0,0.6813,47897.0,0.6006560000000003,0,0,0,24383.341627437792,23513.658372562208,1,go_long,2.804137
0.2753,0.2816,0.2877833149705184,0.2869261085738839,0.2725,1,0.2805,842993.0,0.2911080000000007,0,0,1,425439.9721122706,417553.02788772935,0,go_long,-1.05200161
12.449,12.449,12.423489654111238,12.390232721325312,12.449,0,12.449,4.0,12.373080000000002,0,0,0,2.0,2.0,0,go_long,1.8979541
4.187,4.187,4.21369198753614,4.226921030814471,4.085,1,4.085,667.0,4.226640000000171,0,0,1,329.3876934235977,337.6123065764023,0,go_long,1.99105847
5.0,5.0,5.071959740517547,5.11376754934701,4.969,1,4.984,2549.0,5.099440000000193,1,0,1,1272.457532051282,1276.542467948718,0,go_long,-1.09856955
4.6,4.601,4.7109703797803775,4.805548489184698,4.33,1,4.411,10368.0,4.8518000000002095,0,0,1,5075.26889357452,5292.73110642548,0,go_long,-2.606288
3.332,3.332,3.3635784595231466,3.3875947367134738,3.299,1,3.299,479.0,3.390680000000235,0,0,1,238.30809832604433,240.69190167395567,0,go_long,0.74967407
3.9,3.9,3.9273343855581775,3.9776064298156864,3.418,1,3.581,29363.0,3.997520000000226,0,0,1,14055.460900949072,15307.53909905093,0,go_long,-2.58479058
2.63,2.63,2.690047247544588,2.7552716949660603,2.6,1,2.611,7081.0,2.7478400000002274,0,0,1,3527.664758633849,3553.3352413661514,0,go_long,-0.79259874
4.015,4.015,4.064505660114457,4.075452966974785,4.008,1,4.008,44.0,4.067640000000171,0,0,0,21.98080518509286,22.01919481490714,0,go_long,0.18200832
2.381,2.386,2.421471972015578,2.437207153440622,2.381,1,2.383,340.0,2.4349600000002303,0,0,1,170.07136859781698,169.92863140218304,0,go_long,-1.30885911
2.114,2.114,2.1412500198350406,2.151838207822305,2.114,1,2.114,140.0,2.1598800000002,0,0,1,70.0,70.0,0,go_long,-1.71289554
1.847,1.848,1.8755612657676728,1.895383530766084,1.744,1,1.794,11726.0,1.8981200000002003,0,0,1,5777.655589123867,5948.344410876132,0,go_long,3.16877637
2.446,2.447,2.49037216853819,2.525362690422176,2.374,1,2.381,4941.0,2.546560000000198,0,0,1,2437.232442510876,2503.767557489124,0,go_long,1.81649044
13.183,13.184,13.143651852545451,13.12680056980057,13.133,0,13.182,14.0,13.122080000000004,0,0,0,6.99973449649156,7.000265503508439,0,go_long,3.41498
17.72,17.808,17.881752590871216,17.9538742629698,17.645,1,17.731,13.0,17.987560000000023,0,0,1,6.502016868353502,6.497983131646498,0,go_long,1.52396853
7.632,7.642,8.806384282956138,9.847735002706424,6.37,1,6.375,42032.0,10.19335999999997,0,0,1,19130.006425358748,22901.993574641252,0,go_long,10.27419714
2.072,2.072,2.111716492180877,2.124080284384894,2.072,1,2.072,50.0,2.126040000000208,0,0,1,25.0,25.0,0,go_long,0.07806564
3.726,3.726,3.7601221502551394,3.788643626301539,3.684,1,3.688,20764.0,3.791560000000168,0,0,1,10328.787698947937,10435.212301052065,0,go_long,0.72200505
3.474,3.474,3.5252020445735384,3.5517404919395466,3.4130000000000003,1,3.451,22175.0,3.545760000000165,0,0,1,11050.675090252707,11124.324909747293,0,go_long,0.52729762
3.416,3.416,4.419538461538459,4.514148148148143,3.416,1,3.416,1003.0,4.554560000000159,0,0,1,501.5,501.5,0,go_long,0.01339962
10.226,10.877,10.820260357223088,10.897794613357451,9.194,1,10.199,93016.0,10.85760000000002,0,0,1,46446.52063647491,46569.47936352509,0,go_long,-2.5466672
4.336,4.336,4.390324825630241,4.462202238361177,4.175,1,4.21,3371.0,4.485480000000012,0,0,1,1660.6494266323427,1710.3505733676577,0,go_long,0.476702
4.51,4.514,4.524746688335429,4.545329649649651,4.432,1,4.45,4773.0,4.5554800000000215,0,0,1,2370.518973214286,2402.481026785714,0,go_long,2.8207457
5.946,5.946,6.041884478457599,6.113870943513935,5.9030000000000005,1,5.906,924.0,6.128760000000037,0,0,1,460.4407694903813,463.55923050961854,0,go_long,1.6351275
7.076,7.081,7.285547965489999,7.365220346887849,6.984,1,7.025,22479.0,7.399040000000024,0,0,1,11198.849372384939,11280.150627615061,0,go_long,-2.3917908
5.129,5.129,5.181138280000032,5.194607515132788,5.005,1,5.095,14211.0,5.204639999999995,0,0,1,7081.870598591549,7129.129401408451,0,go_long,2.3160936
6.525,6.59,6.652465345033466,6.731727585366834,6.365,1,6.374,20685.0,6.744519999999999,1,0,1,10221.427242421893,10463.572757578106,0,go_long,5.4133105
6.438,11.498,6.277370237413763,6.237897556401436,6.234,0,6.595,119852.0,6.204200000000015,0,0,0,60647.889204327475,59204.110795672525,0,go_long,-1.3470158
5.571,5.571,5.638453363330644,5.653100816709932,5.571,1,5.571,15.0,5.665000000000048,0,0,0,7.5,7.5,0,go_long,1.8315216
6.728,6.728,6.902212302941307,6.910707716842909,6.566,1,6.704,5126.0,6.9016800000000265,0,0,0,2558.4204883859443,2567.5795116140557,0,go_long,-1.0466974
5.958,5.978,6.12303344760796,6.147808577948114,5.95,1,5.95,5750.0,6.169520000000031,0,0,1,2873.0685253611014,2876.9314746388977,0,go_long,1.6200105
7.038,7.043,7.096323787628121,7.134625664703415,7.038,1,7.043,106.0,7.129160000000021,1,0,1,53.01881968610184,52.981180313898165,0,go_long,-2.07735516
5.662,5.662,5.712469334001683,5.729939194050936,5.444,1,5.494,59987.0,5.741920000000058,0,0,1,29541.823054858374,30445.17694514163,0,go_long,-1.42283285
4.938,4.949,5.05551267999332,5.104024123923937,4.636,1,4.8,48482.0,5.118480000000122,0,0,1,23897.473813924833,24584.526186075167,0,go_long,-0.45153343
4.706,4.721,4.777818922261728,4.801892521893513,4.645,1,4.645,656.0,4.835080000000136,0,0,1,325.8603357929633,330.13966420703673,0,go_long,-0.32945354
0.2572,0.2613,0.2688193451075548,0.2725810386634905,0.2502,1,0.2597,2289570.0,0.2738560000000006,1,0,1,1150321.7817759723,1139248.218224028,0,go_long,4.44912397
0.397,0.4089,0.391278760753002,0.387810952706688,0.397,0,0.4063,10504.0,0.3850359999999988,0,0,0,5312.803684800199,5191.196315199802,1,go_long,5.395166
