,pair,open_date,enter_reason,exit_reason,open (entry),high (entry),ema-26 (entry),ema-12 (entry),low (entry),mean-grad-hist (entry),close (entry),volume (entry),long_jcrosk (entry),short_kdj (entry),sma-05 (entry),sma-07 (entry),sma-25 (entry),profit_abs,profit_ratio,sma-compare (entry),long-small-rl (entry),short-small-rl (entry),long-large-rl (entry),short-large-rl (entry),long-bid-rl (entry),short-bid-rl (entry),close_date,long-large-rl (exit),short-bid-rl (exit),volume (exit),open (exit),low (exit),short-large-rl (exit),sma-compare (exit),short-small-rl (exit),mean-grad-hist (exit),long-small-rl (exit),ema-12 (exit),sma-05 (exit),long-bid-rl (exit),high (exit),long_jcrosk (exit),ema-26 (exit),sma-07 (exit),close (exit),sma-25 (exit),short_kdj (exit)
137,NEO/USDT:USDT,2022-10-13 07:15:00+00:00,first_buy,force_exit,7.714,7.715,7.766497655813715,7.831216695874272,7.609,1,7.631,63871.37,0,False,7.721000000000385,7.753857142856353,7.836080000000263,46.21452994,0.7534379019709633,1,do_nothing,do_nothing,go_long,go_long,go_long,go_long,2024-11-29 20:15:00+00:00,go_long,go_long,17627.68,15.591,15.555,go_long,0,do_nothing,0,do_nothing,15.37023205325245,15.515200000000352,go_long,15.614,0,15.47127791289976,15.492999999999236,15.579,15.39512000000033,False
21,INJ/USDT:USDT,2022-08-28 23:30:00+00:00,first_buy,force_exit,1.542,1.5430000000000001,1.553908280002689,1.5658111616715615,1.506,1,1.5110000000000001,115335.7,1,False,1.5430000000000006,1.548142857142859,1.5699600000000011,984.7052151,16.06443094921931,1,do_nothing,do_nothing,go_long,go_long,go_long,go_long,2024-11-29 20:15:00+00:00,go_long,go_long,54045.1,30.186,30.161,go_long,1,do_nothing,0,do_nothing,30.00966478724565,30.00920000000035,go_long,30.28,0,30.074823752040132,30.023857142856976,30.277,30.04664000000009,False
33,1000SHIB/USDT:USDT,2024-03-05 01:00:00+00:00,second_buy,force_exit,0.041440000000000005,0.0442,0.03776468019588173,0.03550678334617601,0.041353,0,0.042767,5596215605.0,1,False,0.03965400000000004,0.038456142857142835,0.035186600000000026,26.56495366,0.43357609257199,0,go_short,do_nothing,go_long,go_long,go_short,go_short,2024-11-29 20:15:00+00:00,go_long,go_short,132056546.0,0.026241999999999998,0.026128,go_long,0,do_nothing,0,go_short,0.026020353495079945,0.026077400000000018,go_short,0.026261,0,0.02606737917761297,0.026079714285714352,0.026168999999999998,0.026042680000000113,False
19,AAVE/USDT:USDT,2024-11-09 06:30:00+00:00,second_buy,force_exit,188.87,192.91,186.44817980626522,184.5108722363217,188.87,0,191.04,38960.5,0,False,188.51800000000202,187.57285714286243,184.0072000000004,-2.28767071,-0.03995395046097305,0,do_nothing,do_nothing,go_long,go_long,go_short,go_short,2024-11-29 20:15:00+00:00,go_long,go_short,3322.7,199.15,198.94,go_long,0,do_nothing,0,do_nothing,198.96383321519994,198.3600000000017,go_short,199.85,0,198.6935173966872,198.3100000000054,199.85,199.2572,False
106,MINA/USDT:USDT,2023-12-26 20:15:00+00:00,second_buy,force_exit,1.2802,1.3885,1.2308550241689926,1.1994944395149028,1.2742,0,1.3685,20518222.0,0,False,1.2661599999999966,1.2410142857142874,1.186947999999998,32.59231469,0.5418561098168669,0,do_nothing,do_nothing,go_long,go_long,go_short,go_short,2024-11-29 20:15:00+00:00,go_long,go_short,454464.0,0.7941,0.7937000000000001,go_long,0,do_nothing,0,do_nothing,0.7849066903887453,0.7894399999999735,go_short,0.7998000000000001,0,0.7886987504923295,0.7880000000000135,0.7981,0.7869399999999862,False
103,NMR/USDT:USDT,2024-03-09 20:30:00+00:00,second_buy,force_exit,45.08,47.5,43.76443501782496,43.1888200058585,44.71,0,47.17,127376.4,0,False,44.239999999999824,43.88571428571442,42.92880000000005,35.51225115,0.579577378761355,0,do_nothing,do_nothing,go_long,go_long,go_short,go_short,2024-11-29 20:15:00+00:00,go_long,go_short,5679.5,20.41,20.376,go_long,1,do_nothing,0,do_nothing,20.424259461331246,20.348199999999885,go_short,20.451,0,20.41068170109912,20.369000000000035,20.415,20.50412000000001,False
45,TRB/USDT:USDT,2022-05-28 17:30:00+00:00,first_buy,force_exit,8.93,8.98,8.926783981604364,8.907296023287271,8.88,1,8.92,24552.4,1,False,8.935999999999954,8.932857142857017,8.918400000000336,717.34891981,11.801467089165364,0,do_nothing,do_nothing,go_long,go_long,go_long,go_long,2024-11-29 20:15:00+00:00,go_long,go_long,6680.8,74.024,74.007,go_long,0,do_nothing,0,do_nothing,73.61837776651141,73.69760000000294,go_long,74.237,0,73.7360765729477,73.67628571428646,74.207,73.72023999999959,False
49,OP/USDT:USDT,2022-06-18 17:45:00+00:00,first_buy,force_exit,0.44780000000000003,0.44830000000000003,0.45166494917389693,0.4577284464433025,0.431,1,0.43870000000000003,7149998.9,0,False,0.44778000000000057,0.45037142857143175,0.4576720000000005,181.79595925,2.960576981719798,1,do_nothing,do_nothing,go_long,go_long,go_long,go_long,2024-11-29 20:15:00+00:00,go_long,go_long,556705.8,2.3819,2.3794,go_long,0,do_nothing,0,do_nothing,2.3731390863041915,2.3758400000000295,go_long,2.391,0,2.3760527774868545,2.373528571428628,2.3903,2.3781440000000065,False
126,ATOM/USDT:USDT,2022-09-09 08:30:00+00:00,second_buy,force_exit,14.502,17.339,14.564011564625643,14.273929355667581,14.498,0,16.458,7370416.86,0,False,14.763399999999994,14.582571428571242,14.173160000000498,32.45134142,0.530575470131943,0,do_nothing,do_nothing,go_long,go_long,go_short,go_short,2024-11-29 20:15:00+00:00,go_long,go_short,86392.93,8.557,8.555,go_long,0,do_nothing,0,do_nothing,8.501382146861182,8.532199999999758,go_short,8.586,0,8.52748290229866,8.523857142856702,8.583,8.54288000000048,False
97,SOL/USDT:USDT,2022-12-29 20:45:00+00:00,first_buy,force_exit,8.518,8.594,8.817250875561314,9.063642972788081,7.777,1,8.148,13556306.0,0,False,8.579999999997264,8.683714285714018,9.170920000000335,1484.36762273,26.00229248263178,1,do_nothing,do_nothing,go_long,go_long,go_long,go_long,2024-11-29 20:15:00+00:00,go_long,go_long,64567.0,241.27,241.1,go_long,1,do_nothing,0,do_nothing,241.930250739189,241.15999999999434,go_long,242.12,0,241.54313983859268,241.41142857142648,242.03,242.44199999999987,False
65,ALGO/USDT:USDT,2022-05-28 17:30:00+00:00,second_buy,force_exit,0.3682,0.3684,0.3666399589897651,0.3656172483631906,0.36310000000000003,1,0.3649,3754837.1,0,False,0.3679599999999881,0.36742857142857005,0.36550000000001637,-1.00346634,-0.01637478348322079,0,go_long,do_nothing,go_long,go_long,go_short,go_short,2024-11-29 20:15:00+00:00,go_long,go_short,24383003.0,0.4234,0.4166,go_long,0,do_nothing,0,go_long,0.39836445055204983,0.4138799999999844,go_short,0.42350000000000004,0,0.4089119278216176,0.41200000000000186,0.418,0.3998880000000199,False
83,BCH/USDT:USDT,2024-03-29 10:00:00+00:00,second_buy,force_exit,588.1,597.26,583.6891047545319,580.3307186564396,587.1,0,594.43,59857.502,0,False,587.4960000000061,583.6571428571315,579.8568000000017,5.76970235,0.09432368373538293,0,do_nothing,do_nothing,go_long,go_long,go_short,go_short,2024-11-29 20:15:00+00:00,go_long,go_short,3117.811,516.37,515.46,go_long,0,do_nothing,0,do_nothing,514.2910803147898,515.0620000000021,go_short,519.24,0,515.3092827843346,515.1714285714128,519.2,515.1280000000011,False
58,ALGO/USDT:USDT,2021-02-12 16:15:00+00:00,second_buy,roi,1.5737999999999999,1.7735,1.5248009634667834,1.459640260496433,1.5729000000000002,0,1.7568000000000001,9526907.4,0,False,1.564619999999994,1.5273714285714293,1.452976000000003,26.39834413,0.4310108168578474,0,go_long,do_nothing,go_long,go_long,go_short,go_short,2021-03-02 01:30:00+00:00,go_long,go_short,0.0,1.0706,1.0706,go_long,0,do_nothing,1,go_long,1.0785435091414006,1.08279999999999,go_short,1.0706,0,1.0810718661820027,1.087171428571428,1.0706,1.0755200000000074,False
26,1000SHIB/USDT:USDT,2022-05-01 23:00:00+00:00,second_buy,roi,0.021148,0.021342999999999997,0.02119933746248298,0.021216335799506318,0.021100999999999998,0,0.02125,90083484.0,0,False,0.021209999999999903,0.021200142857143132,0.021297959999999984,29.84600578,0.48710725332999777,0,go_short,do_nothing,go_long,go_long,go_short,go_short,2022-05-28 17:00:00+00:00,go_long,go_short,0.0,0.010761,0.010761,go_long,0,do_nothing,0,go_short,0.010700075184699448,0.01074259999999989,go_short,0.010761,0,0.01072665246116297,0.01073742857142881,0.010761,0.010708559999999995,False
88,SOL/USDT:USDT,2021-03-02 02:15:00+00:00,first_buy,roi,15.0507,15.0507,14.998694468765361,14.967226779966282,14.6643,1,14.7693,121209.0,0,False,14.995939999999985,15.034928571428548,14.920008000000003,219.08293027,3.7067207191066536,0,do_nothing,do_nothing,go_long,go_long,go_long,go_long,2022-05-01 22:45:00+00:00,go_long,go_long,0.0,88.66,88.66,go_long,0,do_nothing,1,do_nothing,88.76785536168691,88.89399999999766,go_long,88.66,1,88.71156155631,88.79142857142884,88.66,88.95760000000014,False
62,ALGO/USDT:USDT,2021-09-09 14:45:00+00:00,second_buy,roi,2.2598000000000003,2.2974,2.144457580875535,2.083646894316159,2.2416,0,2.2934,15195560.6,0,False,2.235119999999995,2.1912428571428646,2.053676000000007,49.48490317,0.8086576507311486,0,go_long,do_nothing,go_long,go_long,go_short,go_short,2022-05-01 22:45:00+00:00,go_long,go_short,0.0,0.5942000000000001,0.5942000000000001,go_long,0,do_nothing,1,go_long,0.5926337759094906,0.5943799999999886,go_short,0.5942000000000001,0,0.5933518117728092,0.5937714285714287,0.5942000000000001,0.5941160000000162,False
44,TRB/USDT:USDT,2022-05-12 07:30:00+00:00,first_buy,roi,6.99,8.17,8.22053829367166,8.71935009415474,6.67,0,8.08,172315.9,0,False,8.019999999999943,8.091428571428441,8.830800000000322,7.9584653,0.1311966136174057,1,do_nothing,do_nothing,go_long,go_long,go_long,go_long,2022-05-28 17:00:00+00:00,go_long,go_long,0.0,8.94,8.94,go_long,0,do_nothing,0,do_nothing,8.903582081562273,8.933999999999951,go_long,8.94,0,8.925838784224277,8.935714285714159,8.94,8.916000000000336,False
87,SOL/USDT:USDT,2020-11-04 16:15:00+00:00,first_buy,roi,1.2974,1.3497,1.321769614831797,1.3367477203051144,1.2737,0,1.3281,623915.0,0,False,1.3103400000000014,1.3087285714285666,1.3451079999999942,601.58809381,9.832132075741708,0,do_nothing,do_nothing,go_long,go_long,go_long,go_long,2021-03-02 01:30:00+00:00,go_long,go_long,0.0,15.0526,15.0526,go_long,0,do_nothing,1,do_nothing,14.971489619844887,15.122859999999985,go_long,15.0526,0,15.035563897729151,15.094214285714262,15.0526,14.901200000000003,False
64,ALGO/USDT:USDT,2022-05-07 17:45:00+00:00,second_buy,roi,0.7512000000000001,0.7671,0.7404160469502346,0.7314180767504883,0.7495,0,0.7618,46780656.9,0,False,0.744759999999989,0.7422857142857133,0.7332360000000167,31.55949472,0.5150076752222136,0,go_long,do_nothing,go_long,go_long,go_short,go_short,2022-05-28 17:00:00+00:00,go_long,go_short,0.0,0.3682,0.3682,go_long,0,do_nothing,1,go_long,0.3654725984908255,0.36777999999998806,go_short,0.3682,0,0.36673019065512646,0.36775714285714145,0.3682,0.36526800000001636,False
76,BCH/USDT:USDT,2021-05-05 20:15:00+00:00,second_buy,roi,1351.98,1371.85,1317.9134966198762,1283.0110232323866,1331.59,0,1366.36,34613.21,0,False,1334.6879999999996,1330.2057142857159,1284.3127999999997,50.92375427,0.8476247590388125,0,do_nothing,do_nothing,go_long,go_long,go_short,go_short,2022-05-01 22:45:00+00:00,go_long,go_short,0.0,281.51,281.51,go_long,0,do_nothing,1,do_nothing,281.7394626482595,281.7380000000032,go_short,281.51,0,281.7866656288162,281.7071428571333,281.51,282.8980000000011,False
107,ATOM/USDT:USDT,2020-02-07 18:45:00+00:00,second_buy,roi,4.855,4.888,4.845366540610965,4.781025641025641,4.8469999999999995,0,4.865,16767.52,0,False,4.868599999999999,4.871000000000001,4.787159999999999,35.35071636,0.576812680884475,0,do_nothing,do_nothing,go_long,go_long,go_short,go_short,2020-04-21 23:30:00+00:00,go_long,go_short,0.0,2.291,2.291,go_long,0,do_nothing,1,do_nothing,2.289145006765732,2.292399999999985,go_short,2.291,1,2.291632539445649,2.292714285714277,2.291,2.2902399999999874,False
71,BCH/USDT:USDT,2021-01-10 05:00:00+00:00,second_buy,roi,596.83,627.56,586.2739626977311,571.4956875011098,596.64,0,620.34,77419.599,0,False,595.7940000000028,589.7257142857169,573.0128000000001,17.97278262,0.29594293322921866,0,do_nothing,do_nothing,go_long,go_long,go_short,go_short,2021-03-02 01:30:00+00:00,go_long,go_short,0.0,501.8,501.8,go_long,0,do_nothing,1,do_nothing,497.070287420928,504.1760000000013,go_short,501.8,0,500.93496294716186,504.3271428571448,501.8,495.00519999999955,False
91,SOL/USDT:USDT,2022-05-12 07:15:00+00:00,first_buy,roi,40.55,41.02,42.570001226683594,44.75516364431198,39.06,0,39.1,1132192.0,0,False,41.50199999999752,41.80714285714307,45.48640000000022,4.36521122,0.11155923176337604,1,do_nothing,do_nothing,go_long,go_long,go_long,go_long,2022-05-28 17:00:00+00:00,go_long,go_long,0.0,43.2,43.2,go_long,0,do_nothing,1,do_nothing,42.337087762284405,43.089999999997346,go_long,43.2,0,42.72699247903662,43.005714285714525,43.2,42.20320000000026,False
25,1000SHIB/USDT:USDT,2021-10-27 19:15:00+00:00,second_buy,roi,0.072779,0.078382,0.06892027578381889,0.0655251005737363,0.071536,0,0.076219,8284177927.0,0,False,0.0704725999999999,0.0697572857142858,0.06544547999999996,45.78919856,0.7480088730513857,0,go_short,do_nothing,go_long,go_long,go_short,go_short,2022-05-01 22:45:00+00:00,go_long,go_short,0.0,0.021148,0.021148,go_long,0,do_nothing,0,go_short,0.021213642663466824,0.021193599999999903,go_short,0.021148,0,0.021190126092025342,0.021187142857143133,0.021148,0.021317439999999986,False
38,TRB/USDT:USDT,2020-10-06 10:45:00+00:00,first_buy,roi,15.605,15.654,15.779205131559767,16.027856343977724,15.457,1,15.524000000000001,5485.6,0,False,15.705799999999911,15.73414285714274,15.987120000000113,40.2108258,0.663499612590846,1,do_nothing,do_nothing,go_long,go_long,go_long,go_long,2021-03-02 01:30:00+00:00,go_long,go_long,0.0,34.223,34.223,go_long,0,do_nothing,1,do_nothing,34.25004591850716,34.42199999999973,go_long,34.223,0,34.37149046359435,34.56614285714274,34.223,34.073960000000106,False
118,ATOM/USDT:USDT,2021-02-16 16:45:00+00:00,second_buy,roi,25.493,26.593,25.4972306631033,25.36849480008458,25.48,0,26.353,422858.36,0,False,25.493399999999973,25.478857142857112,25.513719999999967,19.14399309,0.31343608471989454,0,do_nothing,do_nothing,go_long,go_long,go_short,go_short,2021-03-02 01:30:00+00:00,go_long,go_short,0.0,18.611,18.611,go_long,0,do_nothing,1,do_nothing,18.493057613573864,18.746200000000023,go_short,18.611,0,18.613796520605305,18.764857142857092,18.611,18.37727999999995,False
135,NEO/USDT:USDT,2022-05-11 21:00:00+00:00,first_buy,roi,10.582,10.600999999999999,10.658843402335103,11.11232527496484,10.0,1,10.047,85163.34,0,False,10.474600000000345,10.514571428570637,11.106280000000284,3.31807775,0.05405389121285037,1,do_nothing,do_nothing,go_long,go_long,go_long,go_long,2022-05-28 17:00:00+00:00,go_long,go_long,0.0,10.608,10.608,go_long,0,do_nothing,1,do_nothing,10.511203467923828,10.59860000000038,go_long,10.608,0,10.558456411577573,10.586857142856347,10.608,10.50076000000029,False
130,NEO/USDT:USDT,2020-03-13 02:00:00+00:00,first_buy,roi,5.333,5.351,5.45029157301658,5.8190451390428874,4.491,1,4.546,47572.37,0,False,5.220599999999988,5.280428571428577,5.928079999999983,345.65167156,5.631494776241584,1,do_nothing,do_nothing,go_long,go_long,go_long,go_long,2021-03-02 01:30:00+00:00,go_long,go_long,0.0,37.901,37.901,go_long,0,do_nothing,1,do_nothing,37.89464727839324,38.24459999999994,go_long,37.901,0,38.081615095478824,38.32742857142851,37.901,37.74208000000005,False
14,AAVE/USDT:USDT,2021-05-14 15:30:00+00:00,second_buy,roi,617.03,635.95,597.7385579285685,580.4059429049535,610.81,0,624.15,47317.4,0,False,607.634,606.498571428571,575.8552000000014,51.64486739,0.8281785901437627,0,do_nothing,do_nothing,go_long,go_long,go_short,go_short,2022-05-01 22:45:00+00:00,go_long,go_short,0.0,144.37,144.37,go_long,0,do_nothing,1,do_nothing,144.2048494487384,144.56200000000368,go_short,144.37,0,144.23701776164157,144.44571428571655,144.37,144.73600000000044,False
15,AAVE/USDT:USDT,2022-05-01 23:00:00+00:00,second_buy,roi,144.35,144.36,144.1436304136967,144.1622680080911,143.32,1,143.63,6952.2,1,False,144.47400000000368,144.40571428571656,144.56280000000046,19.67702309,0.34279011155255495,0,do_nothing,do_nothing,go_long,go_long,go_short,go_short,2022-05-28 17:00:00+00:00,go_long,go_short,0.0,94.61,94.61,go_long,0,do_nothing,1,do_nothing,93.86253932153085,94.69600000000399,go_short,94.61,0,94.29213225120868,94.70571428571695,94.61,93.74280000000053,False
123,ATOM/USDT:USDT,2022-05-01 23:00:00+00:00,second_buy,roi,17.88,17.881,17.90314249558044,17.972124219336695,17.66,1,17.77,185747.45,1,False,17.917800000000064,17.916285714285387,18.02420000000045,27.43694859,0.4479853360247772,0,do_nothing,do_nothing,go_long,go_long,go_short,go_short,2022-05-28 17:00:00+00:00,go_long,go_short,0.0,9.578,9.578,go_long,0,do_nothing,1,do_nothing,9.514803379777701,9.583200000000023,go_short,9.578,0,9.551065919683529,9.582999999999714,9.578,9.505360000000435,False
122,ATOM/USDT:USDT,2021-09-18 14:30:00+00:00,second_buy,roi,39.161,39.684,37.90701774914552,36.95547931842094,38.739,0,39.479,1187532.58,0,False,38.552799999999834,38.420285714285434,36.65812000000014,37.66519327,0.6161520122463662,0,do_nothing,do_nothing,go_long,go_long,go_short,go_short,2022-05-01 22:45:00+00:00,go_long,go_short,0.0,17.881,17.881,go_long,0,do_nothing,1,do_nothing,17.98829415688363,17.944000000000063,go_short,17.881,0,17.92735022204961,17.927999999999674,17.881,18.057920000000454,False
11,AAVE/USDT:USDT,2021-02-05 14:00:00+00:00,second_buy,roi,520.302,540.0,507.7240376676472,500.4605367343822,518.865,0,529.666,47409.9,0,False,515.2873999999997,510.5270000000006,499.6023600000008,20.10464567,0.3802543328787318,0,do_nothing,do_nothing,go_long,go_long,go_short,go_short,2021-03-02 01:30:00+00:00,go_long,go_short,0.0,383.884,383.884,go_long,0,do_nothing,1,do_nothing,377.8170586908039,388.11619999999846,go_short,383.884,0,382.32371913667527,387.80542857142916,383.884,373.6499599999999,False
77,BCH/USDT:USDT,2022-05-01 23:00:00+00:00,second_buy,roi,281.52,281.53,281.39640937822907,281.5550580076477,279.09,1,279.25,8048.968,1,False,281.4360000000032,281.3785714285619,282.61880000000116,22.21158752,0.3634174483186184,0,do_nothing,do_nothing,go_long,go_long,go_short,go_short,2022-05-28 17:00:00+00:00,go_long,go_short,0.0,177.88,177.88,go_long,0,do_nothing,1,do_nothing,177.4734801267187,177.92400000000373,go_short,177.88,0,177.81945970982167,178.05428571427618,177.88,177.49640000000116,False
127,NEO/USDT:USDT,2020-02-17 15:30:00+00:00,first_buy,stop_loss,14.153,14.357,13.929893255380787,13.910605413105413,14.141,0,14.26,6908.3,0,False,14.002999999999997,13.89571428571428,13.867600000000003,-17.69060182,-0.28819742395684594,0,do_nothing,do_nothing,go_long,go_long,go_long,go_long,2020-03-08 16:15:00+00:00,go_long,go_long,8968.36,10.621,10.436,go_long,1,do_nothing,1,do_nothing,10.963608727872439,10.612799999999991,go_long,10.692,0,10.78251174764334,10.695285714285726,10.436,11.034199999999997,False
128,NEO/USDT:USDT,2020-03-08 16:30:00+00:00,first_buy,stop_loss,10.434,10.434,10.705971478775135,10.913341414696703,10.0,1,10.285,34686.94,0,False,10.518599999999992,10.600142857142869,10.996999999999998,-17.02848777,-0.27762615951015224,1,do_nothing,do_nothing,go_long,go_long,go_long,go_long,2020-03-12 10:30:00+00:00,go_long,go_long,19569.91,8.012,7.806,go_long,1,do_nothing,1,do_nothing,8.333844502459588,8.054999999999987,go_long,8.012,0,8.127023855660005,8.076714285714292,7.853,8.331919999999982,False
90,SOL/USDT:USDT,2022-05-11 12:45:00+00:00,first_buy,stop_loss,62.01,62.01,61.88598097306057,63.24179567586021,52.27,1,54.22,2297762.0,0,False,60.4139999999975,61.48000000000023,63.16240000000025,-14.86841418,-0.2738488314782562,1,do_nothing,do_nothing,go_long,go_long,go_long,go_long,2022-05-12 07:00:00+00:00,go_long,go_long,561191.0,42.44,40.49,go_long,1,do_nothing,1,do_nothing,45.20757673585694,42.091999999997526,go_long,43.19,1,43.20091054062606,42.2857142857145,40.53,46.00680000000022,False
89,SOL/USDT:USDT,2022-05-08 17:15:00+00:00,first_buy,stop_loss,77.45,77.46,77.30815974573149,77.62617176101956,74.7,1,75.48,1024857.0,1,False,77.21999999999761,77.25428571428598,77.84320000000025,-20.80020984,-0.2753336479341515,1,do_nothing,do_nothing,go_long,go_long,go_long,go_long,2022-05-11 12:30:00+00:00,go_long,go_long,380382.0,62.42,61.35,go_long,1,do_nothing,1,do_nothing,63.96353932992903,62.3139999999975,go_long,63.08,0,63.27979569543522,62.97428571428595,62.01,63.60840000000024,False
129,NEO/USDT:USDT,2020-03-12 10:45:00+00:00,first_buy,stop_loss,7.853,7.853,7.933327877866158,8.225263428203322,6.764,1,6.868,56368.23,0,False,7.794799999999988,7.893714285714293,8.262599999999983,-16.98106849,-0.27659417531231817,1,do_nothing,do_nothing,go_long,go_long,go_long,go_long,2020-03-13 01:45:00+00:00,go_long,go_long,11363.67,5.39,5.335,go_long,1,do_nothing,1,do_nothing,5.920888750166318,5.394999999999987,go_long,5.445,0,5.614708222655958,5.433857142857148,5.344,6.009959999999983,False
116,ATOM/USDT:USDT,2021-02-11 06:30:00+00:00,second_buy,stop_loss,15.43,15.828,15.313449700422314,15.192596580747878,15.425,0,15.633,167435.12,1,False,15.396799999999946,15.321142857142783,15.185760000000002,-16.77798915,-0.27402517790954906,0,do_nothing,do_nothing,go_long,go_long,go_short,go_short,2021-02-12 06:15:00+00:00,go_long,go_short,273652.77,19.332,19.211,go_long,0,do_nothing,0,do_nothing,18.444815683509464,19.297199999999936,go_short,19.75,0,18.899611080014566,19.0444285714285,19.729,18.283319999999996,False
131,NEO/USDT:USDT,2021-03-02 02:15:00+00:00,first_buy,stop_loss,37.868,38.246,38.05672903599559,37.91825330106663,37.53,0,38.202,16260.68,0,False,37.96119999999994,38.02557142857137,37.84592000000005,-35.7999922,-0.5849333354926854,0,do_nothing,do_nothing,go_long,go_long,go_long,go_long,2021-06-22 12:00:00+00:00,go_long,go_long,48771.26,28.903,28.573,go_long,1,do_nothing,1,do_nothing,30.711171811463867,29.166200000000003,go_long,29.359,0,29.7250371094998,29.396857142856724,28.608,30.977280000000345,False
132,NEO/USDT:USDT,2021-06-22 12:15:00+00:00,first_buy,stop_loss,28.623,28.752,29.412416015730603,30.48760352913321,27.67,1,27.693,142377.92,0,False,28.699000000000005,29.161999999999583,30.790800000000345,-27.46441706,-0.4482245329296703,1,do_nothing,do_nothing,go_long,go_long,go_long,go_long,2022-01-21 21:45:00+00:00,go_long,go_long,109688.22,20.972,20.124,go_long,0,do_nothing,1,do_nothing,21.176110893964086,20.892200000000464,go_long,21.024,1,20.98630528739236,20.87485714285658,20.173,21.253760000000298,False
133,NEO/USDT:USDT,2022-01-21 22:00:00+00:00,first_buy,stop_loss,20.178,20.179,20.811027550870456,21.077658235151933,19.307,1,19.847,164317.22,0,False,20.644400000000463,20.728571428570866,21.1860000000003,-17.25164037,-0.28098124222992776,1,do_nothing,do_nothing,go_long,go_long,go_long,go_long,2022-05-09 16:30:00+00:00,go_long,go_long,26814.07,14.626,14.557,go_long,1,do_nothing,1,do_nothing,14.915321161939104,14.633000000000337,go_long,14.733,0,14.765240591238927,14.690714285713495,14.587,14.877080000000284,False
86,SOL/USDT:USDT,2020-10-25 21:15:00+00:00,first_buy,stop_loss,1.8034,1.8044,1.8169215015859201,1.8337495326854696,1.7629000000000001,1,1.7729,234555.0,0,False,1.8086400000000045,1.8143714285714208,1.8350159999999938,-16.53302964,-0.273987477636328,1,do_nothing,do_nothing,go_long,go_long,go_long,go_long,2020-11-04 16:00:00+00:00,go_long,go_long,117327.0,1.3048,1.2928,go_long,1,do_nothing,0,do_nothing,1.3374395379295234,1.3054800000000013,go_long,1.3054999999999999,1,1.3206186357103056,1.305499999999995,1.2979,1.3465039999999942,False
85,SOL/USDT:USDT,2020-09-16 15:00:00+00:00,first_buy,stop_loss,2.5065,2.5183999999999997,2.5443277401920574,2.586268215378833,2.4316,1,2.455,156133.0,0,False,2.523679999999996,2.5303857142857136,2.5896880000000033,-17.04878505,-0.2890657382332535,1,do_nothing,do_nothing,go_long,go_long,go_long,go_long,2020-10-25 21:00:00+00:00,go_long,go_long,53785.0,1.8077,1.8012000000000001,go_long,1,do_nothing,1,do_nothing,1.8386174953003072,1.8198600000000045,go_long,1.8091,0,1.8249254109651785,1.8222857142857065,1.8025,1.8394519999999936,False
84,SOL/USDT:USDT,2020-09-14 13:45:00+00:00,first_buy,stop_loss,3.4332000000000003,3.4495,3.406024102076787,3.3666913105413103,3.3816,0,3.4124,62631.0,0,False,3.436839999999998,3.4248571428571424,3.36496,-15.98742298,-0.2752943853059511,0,do_nothing,do_nothing,go_long,go_long,go_long,go_long,2020-09-16 14:45:00+00:00,go_long,go_long,78172.0,2.5522,2.5065,go_long,1,do_nothing,1,do_nothing,2.5967696726091396,2.5424799999999963,go_long,2.5678,1,2.560569147499704,2.546299999999999,2.5065,2.598532000000003,False
134,NEO/USDT:USDT,2022-05-09 16:45:00+00:00,first_buy,stop_loss,14.587,14.628,14.662434346432939,14.854704779573245,14.061,1,14.097,82284.82,1,False,14.518000000000336,14.586714285713494,14.837160000000281,-16.94875317,-0.2761135506723343,1,do_nothing,do_nothing,go_long,go_long,go_long,go_long,2022-05-11 20:45:00+00:00,go_long,go_long,81969.53,10.571,10.426,go_long,1,do_nothing,0,do_nothing,11.197551296962027,10.576600000000346,go_long,10.602,0,10.770087657305123,10.60442857142778,10.583,11.207880000000282,False
82,BCH/USDT:USDT,2024-03-02 20:00:00+00:00,second_buy,stop_loss,456.21,466.71,453.4537318910375,447.22893453251896,455.97,0,464.41,46102.636,0,False,457.3360000000055,455.77999999998957,449.55680000000126,-16.06978019,-0.26236354985529686,0,do_nothing,do_nothing,go_long,go_long,go_short,go_short,2024-03-29 09:45:00+00:00,go_long,go_short,22905.043,587.34,584.61,go_long,0,do_nothing,0,do_nothing,579.2027761489547,583.5820000000061,go_short,589.22,0,581.7362147099013,582.1228571428458,588.09,579.4092000000016,False
119,ATOM/USDT:USDT,2021-03-02 02:15:00+00:00,second_buy,stop_loss,18.618,19.105,18.688694205246094,18.553966123664665,18.599,0,19.105,61125.02,0,False,18.709800000000023,18.713999999999945,18.46259999999995,-14.42345925,-0.23554790642862336,0,do_nothing,do_nothing,go_long,go_long,go_short,go_short,2021-03-18 15:30:00+00:00,go_long,go_short,181357.71,24.045,23.78,go_long,0,do_nothing,0,do_nothing,22.925625563099523,23.76019999999996,go_short,24.309,1,23.397390986001557,23.51728571428559,24.034,22.966079999999998,False
81,BCH/USDT:USDT,2024-03-02 01:30:00+00:00,second_buy,stop_loss,360.67,374.0,334.09735011479654,324.8796602124339,355.0,0,364.0,201589.359,0,False,344.06400000000576,336.74999999998965,320.7320000000012,-16.8096306,-0.27515791890791885,0,do_nothing,do_nothing,go_long,go_long,go_short,go_short,2024-03-02 19:45:00+00:00,go_long,go_short,34641.665,459.79,453.96,go_long,0,do_nothing,0,do_nothing,445.8544492951205,454.6400000000055,go_short,461.0,0,451.4616831439534,453.41285714284675,456.2,448.92840000000126,False
80,BCH/USDT:USDT,2023-06-30 02:45:00+00:00,second_buy,stop_loss,274.35,327.23,266.6462001501191,258.34888569737893,272.25,0,290.14,1702677.912,1,False,273.27000000000527,269.914285714276,254.7896000000011,-18.14694149,-0.29674118499415825,0,do_nothing,do_nothing,go_long,go_long,go_short,go_short,2024-03-02 01:15:00+00:00,go_long,go_short,117174.809,339.07,336.92,go_long,0,do_nothing,0,do_nothing,321.7500330294286,335.32000000000573,go_short,361.8,0,328.6605046811232,329.8328571428468,360.66,318.64680000000124,False
79,BCH/USDT:USDT,2023-06-26 14:30:00+00:00,second_buy,stop_loss,224.51,227.07,209.94850985895417,202.98503579442502,221.57,0,224.07,666010.7,0,False,219.21000000000535,213.11142857141914,199.37480000000107,-17.38794435,-0.2845227584160108,0,do_nothing,do_nothing,go_long,go_long,go_short,go_short,2023-06-30 02:30:00+00:00,go_long,go_short,503140.755,270.73,269.7,go_long,0,do_nothing,0,do_nothing,255.80559655316927,267.5840000000053,go_short,274.98,0,262.37460017741347,265.8799999999903,274.35,253.00920000000107,False
78,BCH/USDT:USDT,2022-05-28 17:30:00+00:00,second_buy,stop_loss,177.87,178.09,177.77511612360013,177.50184510178215,176.77,1,177.48,10534.362,1,False,177.79000000000374,177.85428571427616,177.57200000000117,-22.05876403,-0.3606178099655218,0,do_nothing,do_nothing,go_long,go_long,go_short,go_short,2023-06-26 14:15:00+00:00,go_long,go_short,608895.057,222.28,218.51,go_long,0,do_nothing,0,do_nothing,201.29823865797903,213.91200000000535,go_short,225.0,0,207.38096619694585,209.41285714284774,224.5,198.1484000000011,False
92,SOL/USDT:USDT,2022-05-28 17:30:00+00:00,first_buy,stop_loss,43.2,43.23,42.80287627197296,42.43204369194479,42.56,1,42.82,558451.0,0,False,43.12199999999734,43.0671428571431,42.317600000000255,-11.8465172,-0.2764466834263611,0,do_nothing,do_nothing,go_long,go_long,go_long,go_long,2022-06-12 05:15:00+00:00,go_long,go_long,625513.0,31.72,31.32,go_long,1,do_nothing,1,do_nothing,32.724838952675725,31.8499999999973,go_long,31.83,0,32.13491272825243,31.995714285714666,31.44,32.892800000000264,False
111,ATOM/USDT:USDT,2020-08-09 07:15:00+00:00,second_buy,stop_loss,4.604,4.679,4.503489560963048,4.453126466307651,4.6,0,4.677,194311.12,0,False,4.537999999999977,4.504999999999986,4.465479999999982,-16.20677928,-0.2645825316560777,0,do_nothing,do_nothing,go_long,go_long,go_short,go_short,2020-08-12 19:15:00+00:00,go_long,go_short,222907.52,5.71,5.71,go_long,0,do_nothing,0,do_nothing,5.631424976446971,5.761599999999967,go_short,5.893,0,5.735470558004349,5.767999999999994,5.877,5.6340799999999875,False
120,ATOM/USDT:USDT,2021-03-18 15:45:00+00:00,second_buy,stop_loss,24.045,24.54,23.55379237277055,23.035875521388448,24.019,0,24.414,203208.23,0,False,23.94559999999996,23.742714285714158,23.044199999999996,-9.56859056,-0.15635513716222105,0,do_nothing,do_nothing,go_long,go_long,go_short,go_short,2021-05-07 15:30:00+00:00,go_long,go_short,1133840.43,27.585,27.36,go_long,0,do_nothing,0,do_nothing,26.26892555418134,27.36099999999997,go_short,29.61,0,26.791874620487636,26.900714285714066,29.478,26.056760000000164,False
95,SOL/USDT:USDT,2022-11-09 08:15:00+00:00,first_buy,stop_loss,18.22,18.24,18.79913049700424,19.977633443574838,15.76,1,15.95,15269248.0,0,False,18.229999999997254,18.474285714285482,20.097200000000342,-12.637725,-0.26401296319740486,1,do_nothing,do_nothing,go_long,go_long,go_long,go_long,2022-11-09 17:45:00+00:00,go_long,go_long,7578762.0,12.822,12.75,go_long,0,do_nothing,1,do_nothing,15.018140248768425,13.41699999999725,go_long,13.594,0,13.991726683566036,13.238999999999772,12.989,15.493640000000346,False
110,ATOM/USDT:USDT,2020-07-09 17:15:00+00:00,second_buy,stop_loss,3.612,3.713,3.5559951008180493,3.557071885204506,3.607,0,3.646,409127.31,0,False,3.550999999999995,3.532285714285709,3.5865999999999834,-13.32390949,-0.21743257484243456,0,do_nothing,do_nothing,go_long,go_long,go_short,go_short,2020-08-09 07:00:00+00:00,go_long,go_short,269035.61,4.5120000000000005,4.507,go_long,0,do_nothing,0,do_nothing,4.435216583612264,4.484599999999977,go_short,4.633,0,4.471942208410875,4.468142857142843,4.606,4.4521599999999815,False
109,ATOM/USDT:USDT,2020-04-25 14:45:00+00:00,second_buy,stop_loss,2.87,2.898,2.862868996796902,2.842326826771353,2.8689999999999998,0,2.888,166674.53,0,False,2.871199999999983,2.8699999999999966,2.8486399999999876,-13.63779812,-0.22257748615184447,0,do_nothing,do_nothing,go_long,go_long,go_short,go_short,2020-07-09 17:00:00+00:00,go_long,go_short,433481.49,3.4859999999999998,3.438,go_long,0,do_nothing,0,do_nothing,3.5499576360208662,3.519799999999995,go_short,3.63,0,3.5396305736940583,3.510999999999995,3.612,3.5813999999999835,False
108,ATOM/USDT:USDT,2020-04-21 23:45:00+00:00,second_buy,stop_loss,2.29,2.29,2.288612148761703,2.2878750062645667,2.271,1,2.2720000000000002,11616.49,0,False,2.288799999999985,2.2894285714285627,2.289799999999987,-16.62921828,-0.27135276708633516,1,do_nothing,do_nothing,go_long,go_long,go_short,go_short,2020-04-25 14:30:00+00:00,go_long,go_short,61392.29,2.858,2.85,go_long,0,do_nothing,1,do_nothing,2.8386729729130615,2.8667999999999827,go_short,2.87,0,2.858299723487248,2.867142857142853,2.87,2.8447199999999877,False
121,ATOM/USDT:USDT,2021-05-07 15:45:00+00:00,second_buy,stop_loss,29.478,31.645,27.402663140412617,26.60174588350124,28.911,0,30.762,1588263.42,1,False,28.233399999999968,27.61014285714264,26.264480000000166,-14.48462589,-0.23680422743944332,0,do_nothing,do_nothing,go_long,go_long,go_short,go_short,2021-09-18 14:15:00+00:00,go_long,go_short,931175.26,38.198,38.113,go_long,0,do_nothing,0,do_nothing,36.75359766389462,38.26239999999983,go_short,39.2,0,37.6212027944447,38.14899999999972,39.157,36.51244000000014,False
112,ATOM/USDT:USDT,2020-08-12 19:30:00+00:00,second_buy,stop_loss,5.878,5.973,5.770013549080603,5.655763867080529,5.872,0,5.96,261422.37,0,False,5.799399999999967,5.796428571428565,5.658999999999988,-15.77353734,-0.25745538228074866,0,do_nothing,do_nothing,go_long,go_long,go_short,go_short,2020-08-23 09:30:00+00:00,go_long,go_short,122820.76,7.239,7.22,go_long,0,do_nothing,0,do_nothing,7.136829250355004,7.210599999999954,go_short,7.304,0,7.215672484410582,7.22157142857142,7.247,7.2155200000000015,False
113,ATOM/USDT:USDT,2020-08-23 09:45:00+00:00,second_buy,stop_loss,7.248,7.6,7.2486459483474155,7.158545602180559,7.245,0,7.43,644863.59,0,False,7.261199999999954,7.241428571428562,7.2339600000000015,-10.62339414,-0.17348224916461796,0,do_nothing,do_nothing,go_long,go_long,go_short,go_short,2021-01-16 15:00:00+00:00,go_long,go_short,248122.22,8.836,8.722,go_long,0,do_nothing,0,do_nothing,8.4852628584744,8.631999999999938,go_short,8.923,0,8.60642231897936,8.608714285714258,8.777,8.512160000000005,False
105,MINA/USDT:USDT,2023-02-11 13:30:00+00:00,second_buy,stop_loss,1.031,1.0763,0.9865902566721044,0.9626602384800272,1.0308,0,1.055,16555953.0,0,False,1.0028399999999995,0.9920714285714288,0.9625360000000002,-17.00229311,-0.2780860700116079,0,do_nothing,do_nothing,go_long,go_long,go_short,go_short,2023-12-26 20:00:00+00:00,go_long,go_short,6758714.0,1.2458,1.238,go_long,0,do_nothing,0,do_nothing,1.185973994676095,1.2302399999999967,go_short,1.2802,0,1.2058286649269911,1.2128571428571444,1.2802,1.179459999999998,False
104,MINA/USDT:USDT,2023-02-07 17:45:00+00:00,second_buy,stop_loss,0.8213,0.8338,0.8275114093006203,0.8344507122507123,0.8198000000000001,0,0.8272,186482.0,0,False,0.8261400000000005,0.8251428571428577,0.8342080000000002,-16.864773,-0.27538685213199415,0,do_nothing,do_nothing,go_long,go_long,go_short,go_short,2023-02-11 13:15:00+00:00,go_long,go_short,18288346.0,0.9772000000000001,0.976,go_long,0,do_nothing,0,do_nothing,0.9552730575584294,0.9851199999999996,go_short,1.05,0,0.9741521215215779,0.977514285714286,1.0309,0.9567720000000003,False
114,ATOM/USDT:USDT,2021-01-16 15:15:00+00:00,second_buy,stop_loss,8.784,9.522,8.732972731444073,8.555169313402223,8.779,0,9.429,862093.14,0,False,8.820599999999938,8.723428571428544,8.560240000000004,-14.01796138,-0.22898692125981665,0,do_nothing,do_nothing,go_long,go_long,go_short,go_short,2021-02-05 17:30:00+00:00,go_long,go_short,641164.74,11.321,11.032,go_long,0,do_nothing,0,do_nothing,10.299680189481979,10.963199999999926,go_short,11.78,0,10.656979719453965,10.802571428571367,11.686,10.19971999999999,False
102,NMR/USDT:USDT,2024-02-19 10:30:00+00:00,second_buy,stop_loss,36.13,36.98,35.43804373399665,34.972753401469014,35.89,0,36.05,61343.3,0,False,35.89599999999983,35.60285714285733,34.98120000000002,-15.94863285,-0.2604976331475475,0,do_nothing,do_nothing,go_long,go_long,go_short,go_short,2024-03-09 20:15:00+00:00,go_long,go_short,47678.2,42.91,42.91,go_long,0,do_nothing,0,do_nothing,42.870325606327185,43.42999999999982,go_short,45.24,0,43.145241384702224,43.21571428571442,45.08,42.74640000000005,False
115,ATOM/USDT:USDT,2021-02-05 17:45:00+00:00,second_buy,stop_loss,11.678,12.642,10.918828993384125,10.4522223976685,11.514,0,12.359,1118123.5,0,False,11.296399999999927,11.104857142857082,10.30007999999999,-15.80946897,-0.25807518571714155,0,do_nothing,do_nothing,go_long,go_long,go_short,go_short,2021-02-11 06:15:00+00:00,go_long,go_short,92781.39,15.354,15.239,go_long,0,do_nothing,0,do_nothing,15.15736430720771,15.292399999999947,go_short,15.439,0,15.255349645953643,15.253571428571354,15.438,15.160320000000004,False
124,ATOM/USDT:USDT,2022-05-28 17:30:00+00:00,second_buy,stop_loss,9.577,9.577,9.534561989832586,9.512189454541925,9.379,1,9.421,451624.02,0,False,9.551400000000022,9.559285714285428,9.511520000000434,-17.81129464,-0.29085903661323215,0,do_nothing,do_nothing,go_long,go_long,go_short,go_short,2022-08-08 13:45:00+00:00,go_long,go_short,166139.1,11.749,11.728,go_long,0,do_nothing,0,do_nothing,11.74507931037823,11.781399999999968,go_short,11.848,0,11.797235342558663,11.806142857142623,11.825,11.765680000000476,False
101,NMR/USDT:USDT,2024-02-04 16:15:00+00:00,second_buy,stop_loss,27.8,29.57,27.410420001946317,26.843212445763672,27.64,0,28.91,1008077.9,1,False,27.809999999999768,27.54571428571449,26.890799999999984,-16.65614458,-0.27472099847417036,0,do_nothing,do_nothing,go_long,go_long,go_short,go_short,2024-02-19 10:15:00+00:00,go_long,go_short,45783.5,35.86,35.5,go_long,0,do_nothing,0,do_nothing,34.88657367358653,35.71999999999983,go_short,36.36,1,35.32677895835968,35.4642857142859,36.09,34.92000000000002,False
100,NMR/USDT:USDT,2023-09-02 17:45:00+00:00,second_buy,stop_loss,21.64,23.19,19.119091684847252,17.613543566560566,21.22,0,22.64,2815005.8,0,False,20.441999999999886,19.54142857142861,17.502799999999997,-20.57920834,-0.3371435516300576,0,do_nothing,do_nothing,go_long,go_long,go_short,go_short,2024-02-04 16:00:00+00:00,go_long,go_short,223036.5,27.68,27.55,go_long,0,do_nothing,0,do_nothing,26.677869441424768,27.40199999999977,go_short,27.93,0,27.137769093209283,27.242857142857343,27.8,26.78399999999999,False
99,NMR/USDT:USDT,2023-09-02 12:30:00+00:00,second_buy,stop_loss,16.25,17.74,15.819731527567594,14.564597308948256,16.13,1,17.24,1864508.9,0,False,16.641999999999886,16.348571428571468,14.2472,-17.93108605,-0.29729250658526024,0,do_nothing,do_nothing,go_long,go_long,go_short,go_short,2023-09-02 17:30:00+00:00,go_long,go_short,2346356.6,20.29,20.06,go_long,0,do_nothing,0,do_nothing,17.211427051885412,19.407999999999884,go_short,21.7,0,18.478926536637662,18.73285714285718,21.65,17.246,False
125,ATOM/USDT:USDT,2022-08-08 14:00:00+00:00,second_buy,stop_loss,11.825,12.021,11.816429905241945,11.75818454664651,11.805,0,11.922,437628.18,0,False,11.809399999999968,11.811999999999767,11.781440000000476,-17.10989507,-0.27951559981440877,0,do_nothing,do_nothing,go_long,go_long,go_short,go_short,2022-09-09 08:15:00+00:00,go_long,go_short,862008.65,14.452,14.409,go_long,0,do_nothing,0,do_nothing,14.099203704120988,14.303399999999993,go_short,14.598,0,14.219650030921215,14.243428571428385,14.502,14.065840000000499,False
98,NMR/USDT:USDT,2023-06-22 18:45:00+00:00,second_buy,stop_loss,13.65,13.76,13.677509806699982,13.73823361823362,13.61,0,13.62,3533.9,1,False,13.710000000000004,13.689999999999996,13.725600000000004,-18.64764829,-0.3110223041289757,0,do_nothing,do_nothing,go_long,go_long,go_short,go_short,2023-09-02 12:15:00+00:00,go_long,go_short,1393382.4,16.67,15.89,go_long,0,do_nothing,1,do_nothing,14.350565093664118,16.365999999999886,go_short,16.98,0,15.561500896216248,16.062857142857183,16.26,14.011600000000001,False
117,ATOM/USDT:USDT,2021-02-12 06:30:00+00:00,second_buy,stop_loss,19.719,20.861,19.18844014462771,18.617570077323577,19.614,0,20.777,457608.32,0,False,19.660999999999937,19.389142857142783,18.415799999999997,-16.18244008,-0.26427297971157104,0,do_nothing,do_nothing,go_long,go_long,go_short,go_short,2021-02-16 16:30:00+00:00,go_long,go_short,218007.31,25.485,25.24,go_long,0,do_nothing,0,do_nothing,25.289734384091346,25.315199999999972,go_short,25.818,0,25.34163623821299,25.312999999999967,25.511,25.47067999999997,False
96,SOL/USDT:USDT,2022-11-09 18:00:00+00:00,first_buy,stop_loss,12.988,13.108,13.61069180917126,14.758648378489283,11.51,1,11.515,10263054.0,0,False,12.90699999999725,13.03099999999977,15.289440000000345,-7.19009687,-0.12477918797957016,1,do_nothing,do_nothing,go_long,go_long,go_long,go_long,2022-12-29 20:30:00+00:00,go_long,go_long,4005549.0,8.656,8.511,go_long,1,do_nothing,1,do_nothing,9.136894410611127,8.704799999997263,go_long,8.715,0,8.938932852936098,8.825857142856876,8.517,9.221440000000335,False
94,SOL/USDT:USDT,2022-11-08 18:30:00+00:00,first_buy,stop_loss,24.12,24.38,26.5200860780314,27.277157077113177,22.2,1,23.77,7326992.0,0,False,25.243999999997264,26.075714285714035,27.561600000000343,-12.5115058,-0.26302623723078267,1,do_nothing,do_nothing,go_long,go_long,go_long,go_long,2022-11-09 08:00:00+00:00,go_long,go_long,5981512.0,18.68,18.05,go_long,1,do_nothing,1,do_nothing,20.299844119060825,18.837999999997255,go_long,18.94,0,19.31715422373228,18.922857142856913,18.22,20.337200000000344,False
93,SOL/USDT:USDT,2022-06-12 05:30:00+00:00,first_buy,stop_loss,31.44,31.65,31.975695385444364,32.60448051173678,31.04,1,31.1,717586.0,0,False,31.633999999997297,31.80142857142895,32.776400000000265,-8.76691627,-0.2816128010253412,1,do_nothing,do_nothing,go_long,go_long,go_long,go_long,2022-11-08 18:15:00+00:00,go_long,go_long,8526345.0,25.26,22.8,go_long,1,do_nothing,1,do_nothing,27.55772964328223,25.929999999997268,go_long,25.98,0,27.020101728582564,27.031428571428318,24.13,27.741600000000343,False
0,AAVE/USDT:USDT,2020-10-16 13:45:00+00:00,second_buy,stop_loss,41.656,41.7,41.562306892638226,41.55222364672365,41.4,0,41.693,3578.7,0,False,41.62999999999998,41.55414285714286,41.653800000000004,-16.34784076,-0.280358769838766,0,do_nothing,do_nothing,go_long,go_long,go_short,go_short,2020-11-08 19:00:00+00:00,go_long,go_short,26455.4,51.471,51.169,go_long,0,do_nothing,0,do_nothing,50.05246492384549,51.04480000000011,go_short,52.078,0,50.79892253615913,50.96542857142847,51.921,50.253360000000036,False
74,BCH/USDT:USDT,2021-04-14 04:15:00+00:00,second_buy,stop_loss,814.31,828.71,802.9026093134487,782.7255453835035,813.98,1,820.27,23659.204,0,False,817.8180000000009,813.9842857142864,774.1671999999998,-16.38307107,-0.2701692919052779,0,do_nothing,do_nothing,go_long,go_long,go_short,go_short,2021-04-16 16:00:00+00:00,go_long,go_short,158873.857,940.64,937.89,go_long,0,do_nothing,0,do_nothing,897.7855778091899,921.3380000000012,go_short,1032.0,0,906.6125006309518,906.6628571428581,1003.57,890.4847999999998,False
34,TRB/USDT:USDT,2020-09-03 13:45:00+00:00,first_buy,stop_loss,50.345,50.544,51.06105278752202,55.190816239316234,49.982,0,50.389,2715.9,0,False,49.419,48.5292857142857,55.08231999999998,-16.77002781,-0.2769722277682639,0,do_nothing,do_nothing,go_long,go_long,go_long,go_long,2020-09-05 11:00:00+00:00,go_long,go_long,5415.8,37.317,36.816,go_long,1,do_nothing,1,do_nothing,42.534994403895716,39.04820000000001,go_long,37.366,0,40.63762904003346,39.90057142857139,36.979,43.34383999999999,False
32,1000SHIB/USDT:USDT,2024-03-04 17:00:00+00:00,second_buy,stop_loss,0.033031,0.036574999999999996,0.029947521989635496,0.02834742547985534,0.032392,0,0.034623999999999995,11722035702.0,0,False,0.03138800000000004,0.03062571428571426,0.02770680000000002,-16.96348882,-0.2769117252369489,0,go_short,do_nothing,go_long,go_long,go_short,go_short,2024-03-05 00:45:00+00:00,go_long,go_short,4079516860.0,0.039487,0.03801,go_long,0,do_nothing,0,go_short,0.034925966013870095,0.03813980000000004,go_short,0.041883,0,0.036855167504223865,0.03746614285714284,0.041443999999999995,0.03475156000000003,False
31,1000SHIB/USDT:USDT,2024-03-04 15:30:00+00:00,second_buy,stop_loss,0.028086999999999997,0.029158,0.02716668500563658,0.026644729803000273,0.027978,0,0.028457999999999997,3483145783.0,1,False,0.027603000000000044,0.02725228571428569,0.026610160000000018,-16.97386477,-0.27702427045118566,0,go_short,do_nothing,go_long,go_long,go_short,go_short,2024-03-04 16:45:00+00:00,go_long,go_short,6979699148.0,0.030220000000000004,0.030160000000000003,go_long,0,do_nothing,0,go_short,0.027845299518243764,0.030259600000000043,go_short,0.033606,0,0.029097253260478316,0.02969285714285712,0.033031,0.02735636000000002,False
30,1000SHIB/USDT:USDT,2024-03-02 08:00:00+00:00,second_buy,stop_loss,0.021966,0.022536999999999998,0.021134043775625527,0.020240173992110082,0.021581,0,0.022324,4321822587.0,1,False,0.021714400000000043,0.021406714285714234,0.020331160000000025,-16.70390867,-0.2725611019103353,0,go_short,do_nothing,go_long,go_long,go_short,go_short,2024-03-04 15:15:00+00:00,go_long,go_short,2189436266.0,0.027247999999999998,0.027004999999999998,go_long,0,do_nothing,0,go_short,0.026499668187240293,0.027194400000000042,go_short,0.028422,0,0.02693190046120687,0.026976428571428544,0.028093999999999997,0.026543560000000018,False
29,1000SHIB/USDT:USDT,2022-08-14 16:15:00+00:00,second_buy,stop_loss,0.016888,0.017648,0.016242724092618486,0.01575104694429984,0.016821,0,0.01763,10116169358.0,0,False,0.016728599999999844,0.016420571428571673,0.015705320000000023,-11.79450204,-0.1924896489927059,0,go_short,do_nothing,go_long,go_long,go_short,go_short,2024-03-02 07:45:00+00:00,go_long,go_short,2134480438.0,0.021526,0.021058999999999998,go_long,0,do_nothing,0,go_short,0.020073467911478887,0.021362200000000043,go_short,0.022,0,0.020917688098466534,0.02120399999999995,0.021976,0.020208480000000025,False
28,1000SHIB/USDT:USDT,2022-08-14 04:15:00+00:00,second_buy,stop_loss,0.012908,0.01378,0.012937816723543353,0.012814080262091628,0.012908,0,0.013715999999999999,3388897100.0,0,False,0.013027199999999845,0.01297000000000025,0.012756240000000021,-16.99388326,-0.27731043289313373,0,go_short,do_nothing,go_long,go_long,go_short,go_short,2022-08-14 16:00:00+00:00,go_long,go_short,6431854303.0,0.016508,0.016503,go_long,0,do_nothing,0,go_short,0.015600730699843827,0.01634119999999984,go_short,0.0171,0,0.015990492109458212,0.016109142857143103,0.016899,0.015620760000000022,False
27,1000SHIB/USDT:USDT,2022-05-28 17:30:00+00:00,second_buy,stop_loss,0.010761999999999999,0.010768,0.010720407975152186,0.010701063087019418,0.010602,1,0.010657,470696908.0,1,False,0.010739799999999891,0.01073300000000024,0.010712039999999999,-17.58104653,-0.286868415050862,0,go_short,do_nothing,go_long,go_long,go_short,go_short,2022-08-14 04:00:00+00:00,go_long,go_short,451902388.0,0.012877999999999999,0.012875,go_long,0,do_nothing,0,go_short,0.012741926683058959,0.012846199999999846,go_short,0.012950000000000001,0,0.01279632885509669,0.01283014285714311,0.012908999999999999,0.01271536000000002,False
24,1000SHIB/USDT:USDT,2021-10-27 07:15:00+00:00,second_buy,stop_loss,0.056776,0.059281,0.054102305717260296,0.05210534451140443,0.056400000000000006,0,0.058031,6739738220.0,0,False,0.055139999999999925,0.05477557142857152,0.05151211999999996,-17.38833127,-0.283764050995792,0,go_short,do_nothing,go_long,go_long,go_short,go_short,2021-10-27 19:00:00+00:00,go_long,go_short,5493381541.0,0.068602,0.06765,go_long,0,do_nothing,0,go_short,0.0646695886196352,0.0687947999999999,go_short,0.07364899999999999,0,0.0675932350172405,0.06850957142857152,0.072777,0.06464955999999995,False
23,1000SHIB/USDT:USDT,2021-10-26 11:15:00+00:00,second_buy,stop_loss,0.044060999999999996,0.046321,0.0432652369135853,0.042615814665542255,0.043781,0,0.045646,7047240309.0,0,False,0.04384439999999991,0.043415857142857235,0.04234603999999994,-17.00575243,-0.2776175899249987,0,go_short,do_nothing,go_long,go_long,go_short,go_short,2021-10-27 07:00:00+00:00,go_long,go_short,5297396070.0,0.053748,0.053731999999999995,go_long,0,do_nothing,0,go_short,0.05163129207231679,0.05441179999999992,go_short,0.0575,0,0.053387997665853074,0.054126714285714375,0.05677000000000001,0.05108087999999996,False
22,1000SHIB/USDT:USDT,2021-05-11 00:15:00+00:00,second_buy,stop_loss,0.034835,0.036354,0.03421613562907227,0.030872259259259256,0.034644,0,0.035113,333968278.0,0,False,0.0357752,0.03618542857142857,0.031042799999999995,-18.41142826,-0.30052883564771865,0,go_short,do_nothing,go_long,go_long,go_short,go_short,2021-10-26 11:00:00+00:00,go_long,go_short,1792275634.0,0.043287,0.043222,go_long,0,do_nothing,0,go_short,0.04237339983878564,0.04320319999999991,go_short,0.044338999999999996,0,0.04283237089787354,0.04293057142857152,0.04408,0.04218619999999993,False
20,INJ/USDT:USDT,2022-08-17 09:30:00+00:00,first_buy,stop_loss,2.023,2.083,2.0651254289751404,2.097482905982906,2.02,0,2.079,188945.4,0,False,2.0494000000000008,2.048857142857144,2.0947999999999998,-16.63240067,-0.2713135574461135,0,do_nothing,do_nothing,go_long,go_long,go_long,go_long,2022-08-28 23:15:00+00:00,go_long,go_long,88269.8,1.553,1.5310000000000001,go_long,1,do_nothing,1,do_nothing,1.5701960546052864,1.5530000000000004,go_long,1.554,0,1.5617097854577235,1.5575714285714304,1.5430000000000001,1.5729200000000012,False
18,AAVE/USDT:USDT,2024-03-13 12:15:00+00:00,second_buy,stop_loss,150.93,154.05,149.25995363720062,147.33079951016288,149.82,1,150.4,77131.7,0,False,149.67000000000317,149.5814285714325,148.16440000000006,-14.69697343,-0.24452637981376096,0,do_nothing,do_nothing,go_long,go_long,go_short,go_short,2024-11-09 06:15:00+00:00,go_long,go_short,18839.7,186.67,186.65,go_long,0,do_nothing,0,do_nothing,183.9885420152274,187.45400000000203,go_short,188.95,0,185.61330340740435,186.5485714285767,188.87,183.6828000000004,False
35,TRB/USDT:USDT,2020-09-05 11:15:00+00:00,first_buy,stop_loss,36.931,36.976,39.86476303387447,42.02232815175529,35.532,1,35.614,7901.7,0,False,37.94200000000001,38.98085714285711,42.92791999999999,-16.75685641,-0.27652702138702434,1,do_nothing,do_nothing,go_long,go_long,go_long,go_long,2020-09-05 18:45:00+00:00,go_long,go_long,7158.3,28.914,27.4,go_long,1,do_nothing,1,do_nothing,33.84302630433039,29.835200000000004,go_long,29.64,0,31.774693616893842,30.834285714285674,27.4,33.650679999999994,False
17,AAVE/USDT:USDT,2022-05-30 21:15:00+00:00,second_buy,stop_loss,117.31,120.04,114.84650088131752,112.05515614512366,117.29,0,119.29,84369.7,0,False,117.04800000000402,116.04285714285983,111.60240000000047,-9.80771454,-0.16458561730213028,0,do_nothing,do_nothing,go_long,go_long,go_short,go_short,2024-03-13 12:00:00+00:00,go_long,go_short,27756.7,149.56,149.56,go_long,0,do_nothing,0,do_nothing,147.08526347097592,149.39000000000317,go_short,151.59,0,149.052672480328,149.38857142857532,150.92,147.86000000000004,False
13,AAVE/USDT:USDT,2021-05-01 17:15:00+00:00,second_buy,stop_loss,479.168,495.991,478.6007056591155,475.23241415990816,478.914,0,494.352,42352.3,0,False,480.59780000000154,478.9302857142861,477.50080000000094,-12.70256653,-0.2572574077325597,0,do_nothing,do_nothing,go_long,go_long,go_short,go_short,2021-05-14 15:15:00+00:00,go_long,go_short,25406.8,597.71,597.59,go_long,0,do_nothing,0,do_nothing,576.9064183373497,603.47,go_short,618.0,0,592.9364775519447,603.4099999999996,617.02,573.0016000000015,False
12,AAVE/USDT:USDT,2021-03-02 02:15:00+00:00,second_buy,stop_loss,383.947,391.519,383.5739718574942,379.3737182362349,381.77,1,388.013,5545.3,0,False,384.7097999999985,385.5321428571434,376.16668,-4.56408737,-0.11767971465288506,0,do_nothing,do_nothing,go_long,go_long,go_short,go_short,2021-05-01 17:00:00+00:00,go_long,go_short,3145.4,475.3,474.474,go_long,0,do_nothing,0,do_nothing,473.7028472927008,476.70940000000155,go_short,479.293,0,475.73683396077286,475.48314285714326,479.196,476.54752000000093,False
10,AAVE/USDT:USDT,2021-02-04 00:45:00+00:00,second_buy,stop_loss,400.589,424.0,384.25781080381364,367.801497348832,395.1,0,420.03,52834.4,0,False,397.3993999999992,392.29985714285795,361.3845600000007,-11.22937079,-0.26760111037472595,0,do_nothing,do_nothing,go_long,go_long,go_short,go_short,2021-02-05 13:45:00+00:00,go_long,go_short,16589.9,513.849,504.266,go_long,0,do_nothing,0,do_nothing,498.1240996731327,508.9183999999997,go_short,520.624,0,503.7345899708558,505.62414285714345,519.991,497.8941600000008,False
9,AAVE/USDT:USDT,2021-02-03 12:45:00+00:00,second_buy,stop_loss,324.344,328.9,319.67533613340976,315.5470640581635,322.071,0,327.418,9814.7,0,False,322.10979999999927,321.91871428571505,314.4183600000008,-9.05230934,-0.27676589363262016,0,do_nothing,do_nothing,go_long,go_long,go_short,go_short,2021-02-04 00:30:00+00:00,go_long,go_short,19760.7,397.549,391.989,go_long,0,do_nothing,0,do_nothing,363.62321713673856,389.1993999999992,go_short,402.029,0,377.75377640450705,384.9812857142865,400.579,358.3302800000007,False
8,AAVE/USDT:USDT,2021-01-24 19:30:00+00:00,second_buy,stop_loss,254.759,266.2,251.2500724447627,247.65995345167246,250.769,1,256.112,36330.7,1,False,253.28919999999965,252.71728571428562,246.5327600000007,-12.99498639,-0.2537254112581802,0,do_nothing,do_nothing,go_long,go_long,go_short,go_short,2021-02-03 12:30:00+00:00,go_long,go_short,8680.9,321.127,319.182,go_long,0,do_nothing,0,do_nothing,314.5973891828166,320.6943999999993,go_short,325.605,0,318.267579066757,321.16785714285794,324.502,313.7546800000008,False
7,AAVE/USDT:USDT,2021-01-19 00:30:00+00:00,second_buy,stop_loss,202.306,208.223,197.31788060519105,193.63536051031792,202.219,0,206.39,19480.0,1,False,200.85439999999994,198.74728571428543,192.09668000000042,-11.16314832,-0.2707745139731182,0,do_nothing,do_nothing,go_long,go_long,go_short,go_short,2021-01-24 19:15:00+00:00,go_long,go_short,14552.2,253.321,252.777,go_long,0,do_nothing,0,do_nothing,246.98378972780625,252.26179999999968,go_short,257.05,0,250.36608561653773,251.9097142857142,254.436,245.71760000000071,False
6,AAVE/USDT:USDT,2021-01-15 09:45:00+00:00,second_buy,stop_loss,159.757,162.874,156.8451892679148,153.8394771651793,159.707,0,162.676,6800.8,0,False,159.2063999999998,158.44871428571417,152.40032000000022,-13.31112906,-0.2729542649908434,0,do_nothing,do_nothing,go_long,go_long,go_short,go_short,2021-01-19 00:15:00+00:00,go_long,go_short,22463.8,200.934,200.272,go_long,0,do_nothing,0,do_nothing,192.61498935114335,198.33699999999993,go_short,205.62,0,195.66840435158943,196.82142857142827,202.211,191.1735200000004,False
5,AAVE/USDT:USDT,2021-01-07 16:30:00+00:00,second_buy,stop_loss,124.241,131.0,124.89007114514483,122.96357403091814,124.241,1,126.653,38215.5,0,False,126.12879999999981,125.88757142857153,122.27624000000016,-13.29321558,-0.2626902505212162,0,do_nothing,do_nothing,go_long,go_long,go_short,go_short,2021-01-15 09:30:00+00:00,go_long,go_short,4175.5,157.652,157.63,go_long,0,do_nothing,0,do_nothing,153.13255533839364,158.20759999999981,go_short,159.975,0,155.78504186208113,157.67314285714275,159.975,151.78000000000023,False
4,AAVE/USDT:USDT,2021-01-04 01:00:00+00:00,second_buy,stop_loss,101.596,103.6,96.21208159287285,93.88868857233577,99.873,0,102.056,32299.8,0,False,97.86679999999964,96.95300000000012,93.11000000000011,-15.80320526,-0.25826556765251646,0,do_nothing,do_nothing,go_long,go_long,go_short,go_short,2021-01-07 16:15:00+00:00,go_long,go_short,13514.1,127.134,124.0,go_long,0,do_nothing,1,do_nothing,122.66841995339159,125.91219999999983,go_short,128.8,1,124.56953862608026,125.63400000000011,124.2,122.05428000000016,False
3,AAVE/USDT:USDT,2020-11-19 17:00:00+00:00,second_buy,stop_loss,78.991,81.319,77.07666392336951,75.87058191330266,78.639,0,80.84,82210.0,0,False,77.66980000000001,77.07899999999995,75.81908000000003,-12.46704503,-0.2203504297624707,0,do_nothing,do_nothing,go_long,go_long,go_short,go_short,2021-01-04 00:45:00+00:00,go_long,go_short,37674.9,97.261,97.013,go_long,0,do_nothing,0,do_nothing,93.23530365812263,96.57559999999964,go_short,102.187,0,95.14955097339518,95.69014285714297,101.614,92.61796000000011,False
2,AAVE/USDT:USDT,2020-11-10 15:30:00+00:00,second_buy,stop_loss,65.323,67.3,62.933283073422395,61.72469794339921,63.222,1,63.404,112205.2,0,False,64.06320000000008,63.70271428571421,61.67536,-15.74633426,-0.276542561123504,0,do_nothing,do_nothing,go_long,go_long,go_short,go_short,2020-11-19 16:45:00+00:00,go_long,go_short,41334.2,76.373,76.14,go_long,0,do_nothing,0,do_nothing,75.47302846636687,76.6856,go_short,79.656,0,76.39242100034578,76.33328571428567,79.059,75.45028000000002,False
1,AAVE/USDT:USDT,2020-11-08 19:15:00+00:00,second_buy,stop_loss,51.921,53.62,51.07293445367311,50.23968974430138,51.733,0,52.58,49359.9,0,False,51.426400000000115,51.18285714285704,50.346880000000034,-16.19134888,-0.2802926211300286,0,do_nothing,do_nothing,go_long,go_long,go_short,go_short,2020-11-10 15:15:00+00:00,go_long,go_short,91404.2,64.588,64.053,go_long,0,do_nothing,0,do_nothing,61.59035377887114,63.879000000000076,go_short,66.872,1,62.84769817768101,63.30785714285707,65.343,61.59876,False
16,AAVE/USDT:USDT,2022-05-28 17:30:00+00:00,second_buy,stop_loss,94.6,94.74,94.27010652305474,93.91509886962521,93.42,1,93.88,29932.2,0,False,94.516000000004,94.56714285714554,93.82480000000054,-15.60071386,-0.2772982845051174,0,do_nothing,do_nothing,go_long,go_long,go_short,go_short,2022-05-30 21:00:00+00:00,go_long,go_short,24052.0,116.26,115.86,go_long,0,do_nothing,0,do_nothing,111.47636863673355,115.90400000000402,go_short,117.49,0,114.03859195064798,115.15428571428842,117.35,111.11080000000047,False
75,BCH/USDT:USDT,2021-04-16 16:15:00+00:00,second_buy,stop_loss,1003.4,1077.76,932.3351928415746,910.8244238973981,983.94,0,1073.81,112831.969,0,False,960.9140000000012,936.1485714285724,897.4979999999999,-15.96103446,-0.26103169729088066,0,do_nothing,do_nothing,go_long,go_long,go_short,go_short,2021-05-05 20:00:00+00:00,go_long,go_short,18889.3,1324.88,1322.85,go_long,0,do_nothing,0,do_nothing,1276.3431050909776,1329.6879999999996,go_short,1354.0,0,1309.1050414598537,1320.7928571428588,1352.23,1277.9599999999998,False
36,TRB/USDT:USDT,2020-09-05 19:00:00+00:00,first_buy,stop_loss,27.4,29.01,31.30381767583325,33.46309842993554,25.775,1,28.714,12005.3,0,False,29.309800000000003,29.98799999999996,33.511639999999986,-16.79433089,-0.27795675860894226,1,do_nothing,do_nothing,go_long,go_long,go_long,go_long,2020-09-21 14:30:00+00:00,go_long,go_long,18902.6,23.235,21.804,go_long,1,do_nothing,1,do_nothing,24.169879181227873,23.090799999999945,go_long,23.25,0,23.304657071595727,23.232571428571305,21.975,24.041040000000056,False
39,TRB/USDT:USDT,2021-03-02 02:15:00+00:00,first_buy,stop_loss,34.171,34.571,34.356651710079234,34.265506959136026,34.085,0,34.507,3712.6,0,False,34.27979999999974,34.28714285714273,34.161840000000105,-40.27554335,-0.6857059989562904,0,do_nothing,do_nothing,go_long,go_long,go_long,go_long,2022-01-20 21:45:00+00:00,go_long,go_long,17879.6,26.33,25.7,go_long,1,do_nothing,1,do_nothing,26.8148163956343,26.397999999999776,go_long,26.37,0,26.615469810369973,26.512857142856944,25.89,26.984400000000154,False
73,BCH/USDT:USDT,2021-04-06 00:00:00+00:00,second_buy,stop_loss,636.49,648.65,633.3272430190547,626.2781603482156,636.44,0,648.47,18085.697,0,False,637.9420000000016,636.1228571428592,624.2184000000005,-15.47336621,-0.254137381254023,0,do_nothing,do_nothing,go_long,go_long,go_short,go_short,2021-04-14 04:00:00+00:00,go_long,go_short,12204.557,812.54,812.0,go_long,0,do_nothing,1,do_nothing,779.7219890141837,815.7480000000008,go_short,820.4,0,799.7449019158939,810.4557142857149,814.24,770.6535999999998,False
72,BCH/USDT:USDT,2021-03-02 02:15:00+00:00,second_buy,stop_loss,502.04,507.4,501.889784106815,498.34095721952957,499.13,1,505.79,8236.709,0,False,502.59800000000143,502.8685714285734,497.00479999999953,-13.45371448,-0.22004551600870664,0,do_nothing,do_nothing,go_long,go_long,go_short,go_short,2021-04-05 23:45:00+00:00,go_long,go_short,6897.959,635.03,631.95,go_long,0,do_nothing,0,do_nothing,624.5028131760728,634.3580000000017,go_short,637.44,0,630.5740144770646,634.1842857142877,636.42,623.0104000000006,False
70,BCH/USDT:USDT,2020-02-12 06:00:00+00:00,second_buy,stop_loss,479.81,482.45,475.864102820841,472.4449386163297,479.0,0,481.9,3629.367,0,False,478.82199999999983,477.14857142857164,472.15760000000023,-8.80272699,-0.14397632940033184,0,do_nothing,do_nothing,go_long,go_long,go_short,go_short,2021-01-10 04:45:00+00:00,go_long,go_short,30262.056,593.39,586.76,go_long,0,do_nothing,0,do_nothing,567.5881425011986,586.6140000000029,go_short,598.0,0,580.0801377336822,582.525714285717,596.7,570.1952000000001,False
69,BCH/USDT:USDT,2020-01-17 19:30:00+00:00,second_buy,stop_loss,369.32,380.0,362.32216729909214,355.3423241391573,368.54,0,378.4,18722.03,0,False,366.6120000000011,364.7328571428572,351.3980000000002,-14.51785806,-0.2370668971767163,0,do_nothing,do_nothing,go_long,go_long,go_short,go_short,2020-02-12 05:45:00+00:00,go_long,go_short,3560.689,480.11,479.33,go_long,0,do_nothing,0,do_nothing,471.6885337056361,477.01799999999986,go_short,481.19,0,474.7666669700849,475.70285714285734,479.81,471.4416000000003,False
136,NEO/USDT:USDT,2022-05-28 17:30:00+00:00,first_buy,stop_loss,10.608,10.61,10.559451040241932,10.518716279084215,10.474,1,10.523,63840.4,0,False,10.590000000000378,10.589142857142063,10.510520000000287,-17.1532623,-0.2796686527601437,0,do_nothing,do_nothing,go_long,go_long,go_long,go_long,2022-10-13 07:00:00+00:00,go_long,go_long,28303.92,7.675,7.661,go_long,1,do_nothing,1,do_nothing,7.847234031544215,7.761000000000385,go_long,7.721,0,7.79113359323439,7.779285714284924,7.715,7.851520000000263,False
67,BCH/USDT:USDT,2020-01-06 02:00:00+00:00,second_buy,stop_loss,226.61,237.58,225.1643041870297,224.20193049953204,226.11,0,232.88,41401.752,1,False,226.21200000000044,225.25142857142905,223.61800000000017,-16.76097477,-0.27392217710971634,0,do_nothing,do_nothing,go_long,go_long,go_short,go_short,2020-01-14 13:00:00+00:00,go_long,go_short,8113.865,285.4,284.0,go_long,0,do_nothing,0,do_nothing,284.00015197288826,285.47800000000126,go_short,286.47,0,284.9849723132924,285.17285714285686,285.27,284.38000000000017,False
66,BCH/USDT:USDT,2019-12-19 15:30:00+00:00,second_buy,stop_loss,186.01,187.12,185.9536360056759,185.67779202279203,185.6,0,186.28,2338.148,0,False,185.834,185.9271428571428,185.6716,-17.1103577,-0.27946760514754704,0,do_nothing,do_nothing,go_long,go_long,go_short,go_short,2020-01-06 01:45:00+00:00,go_long,go_short,7460.724,224.1,224.1,go_long,0,do_nothing,0,do_nothing,223.5076849394946,224.27800000000047,go_short,226.66,0,223.76145040285328,223.84000000000052,226.44,223.2796000000002,False
63,ALGO/USDT:USDT,2022-05-01 23:00:00+00:00,second_buy,stop_loss,0.5941000000000001,0.5965,0.5936976868846847,0.5928534962124913,0.5928,0,0.5956,777422.2,1,False,0.5953799999999886,0.5941714285714287,0.5937800000000162,-16.96073464,-0.2769722100116,0,go_long,do_nothing,go_long,go_long,go_short,go_short,2022-05-07 17:30:00+00:00,go_long,go_short,29606222.7,0.7362000000000001,0.7351000000000001,go_long,0,do_nothing,0,go_long,0.7289875228905274,0.7391199999999889,go_short,0.756,0,0.7365280554866408,0.7393142857142847,0.7511,0.7313240000000165,False
61,ALGO/USDT:USDT,2021-04-17 20:45:00+00:00,second_buy,stop_loss,1.7797,1.803,1.7529009843198398,1.7156643183604998,1.7765,0,1.7964,2782863.1,0,False,1.7680199999999922,1.7696571428571455,1.7246200000000085,-13.96755106,-0.2282556469137129,0,go_long,do_nothing,go_long,go_long,go_short,go_short,2021-09-09 14:30:00+00:00,go_long,go_short,17776599.4,2.2058,2.1643,go_long,0,do_nothing,0,go_long,2.0668666458614515,2.203859999999995,go_short,2.2843,0,2.117377141034723,2.147500000000007,2.2598000000000003,2.041368000000007,False
60,ALGO/USDT:USDT,2021-03-29 23:00:00+00:00,second_buy,stop_loss,1.3926,1.4151,1.3739843668675387,1.3442202332008206,1.3918,0,1.4135,1710941.3,0,False,1.3938199999999903,1.383157142857142,1.3396520000000092,-11.7272535,-0.19137094805695343,0,go_long,do_nothing,go_long,go_long,go_short,go_short,2021-04-17 20:30:00+00:00,go_long,go_short,1445580.9,1.7527,1.752,go_long,0,do_nothing,0,go_long,1.7092054638293397,1.7612599999999923,go_short,1.7810000000000001,0,1.7449920723779924,1.7601142857142882,1.78,1.7165560000000084,False
59,ALGO/USDT:USDT,2021-03-02 02:15:00+00:00,second_buy,stop_loss,1.0717,1.1041,1.0816672070497249,1.0791798877373564,1.0717,0,1.1013,1317380.4,0,False,1.0767399999999898,1.077671428571428,1.0783200000000073,-13.15549429,-0.21465520059426493,1,go_long,do_nothing,go_long,go_long,go_short,go_short,2021-03-29 22:45:00+00:00,go_long,go_short,1062565.0,1.4,1.3918,go_long,0,do_nothing,0,go_long,1.3386778518568863,1.3816399999999902,go_short,1.4005,0,1.3667997062980002,1.3773714285714276,1.3926,1.3336000000000092,False
57,ALGO/USDT:USDT,2021-02-11 17:00:00+00:00,second_buy,stop_loss,1.2749000000000001,1.3013,1.2481206019746975,1.2278037003779887,1.2735,0,1.2787,2246705.4,0,False,1.2610999999999932,1.2573571428571435,1.2312080000000027,-16.74895007,-0.27372717864692275,0,go_long,do_nothing,go_long,go_long,go_short,go_short,2021-02-12 16:00:00+00:00,go_long,go_short,2874181.2,1.5507,1.536,go_long,0,do_nothing,0,go_long,1.4358674813361476,1.4998999999999938,go_short,1.5823,0,1.482619320460744,1.4890428571428578,1.5737999999999999,1.437864000000003,False
37,TRB/USDT:USDT,2020-09-21 14:45:00+00:00,first_buy,stop_loss,21.973,22.334,22.997325214427153,23.957814056692474,20.519,1,21.307,40201.5,0,False,22.661799999999946,22.94071428571416,23.81596000000006,-16.67865757,-0.2791271966392415,1,do_nothing,do_nothing,go_long,go_long,go_long,go_long,2020-10-06 10:30:00+00:00,go_long,go_long,2572.1,15.823,15.582,go_long,1,do_nothing,1,do_nothing,16.068164851495943,15.754599999999911,go_long,15.837,1,15.825606064570634,15.779285714285596,15.600999999999999,16.031200000000112,False
56,ALGO/USDT:USDT,2021-02-08 21:00:00+00:00,second_buy,stop_loss,0.9937,1.0258,0.9836394481980765,0.9626659960541781,0.9934000000000001,0,1.0178,2180331.5,0,False,0.9955999999999943,0.989857142857144,0.956044000000002,-16.13405579,-0.26355815611510763,0,go_long,do_nothing,go_long,go_long,go_short,go_short,2021-02-11 16:45:00+00:00,go_long,go_short,1288474.1,1.2650000000000001,1.2365,go_long,0,do_nothing,0,go_long,1.2237319964082278,1.2571799999999933,go_short,1.2759,0,1.2425607114246426,1.248528571428572,1.2752,1.2272320000000028,False
54,ALGO/USDT:USDT,2020-08-13 15:00:00+00:00,second_buy,stop_loss,0.5978,0.6387,0.5828563100295803,0.5661407103387123,0.5974,0,0.63,6787347.3,0,False,0.596660000000001,0.5893571428571426,0.5596079999999987,-10.12868954,-0.16529642865254585,0,go_long,do_nothing,go_long,go_long,go_short,go_short,2021-02-05 07:00:00+00:00,go_long,go_short,1296839.3,0.7951,0.784,go_long,0,do_nothing,1,go_long,0.7445746198539068,0.7811399999999982,go_short,0.7998000000000001,0,0.7616291196279856,0.7707714285714292,0.7891,0.7356880000000016,False
53,ALGO/USDT:USDT,2020-08-10 17:30:00+00:00,second_buy,stop_loss,0.466,0.48260000000000003,0.4523888525725339,0.444558058566968,0.4607,0,0.48250000000000004,6285749.9,0,False,0.4566200000000011,0.4536714285714277,0.44091599999999853,-16.66158272,-0.2719170550363536,0,go_long,do_nothing,go_long,go_long,go_short,go_short,2020-08-13 14:45:00+00:00,go_long,go_short,4527204.0,0.5978,0.5922000000000001,go_long,0,do_nothing,0,go_long,0.5610319671658093,0.585220000000001,go_short,0.61,0,0.5742847300349585,0.5796857142857139,0.5981000000000001,0.5551959999999986,False
52,ALGO/USDT:USDT,2020-07-17 02:30:00+00:00,second_buy,stop_loss,0.3559,0.3844,0.35276736253553886,0.3449784381997613,0.3533,0,0.37510000000000004,12041977.7,0,False,0.35564000000000157,0.35314285714285737,0.34798800000000035,-14.62232032,-0.23858121071356608,0,go_long,do_nothing,go_long,go_long,go_short,go_short,2020-08-10 17:15:00+00:00,go_long,go_short,6884549.8,0.45,0.4499,go_long,0,do_nothing,0,go_long,0.44152270325232545,0.44932000000000105,go_short,0.4743,0,0.4469140984948128,0.44782857142857063,0.466,0.4385999999999985,False
51,ALGO/USDT:USDT,2020-07-16 02:45:00+00:00,second_buy,stop_loss,0.2954,0.2967,0.289160539368108,0.28664789103686744,0.2933,0,0.29460000000000003,1478828.7,0,False,0.2918600000000014,0.2899571428571432,0.2875720000000002,-17.16478615,-0.2800904748052285,0,go_long,do_nothing,go_long,go_long,go_short,go_short,2020-07-17 02:15:00+00:00,go_long,go_short,2453885.9,0.34890000000000004,0.34850000000000003,go_long,0,do_nothing,0,go_long,0.34256871325574223,0.3511600000000016,go_short,0.35660000000000003,0,0.34870688299654595,0.3487571428571431,0.3559,0.34659200000000034,False
50,ALGO/USDT:USDT,2020-06-16 15:45:00+00:00,second_buy,stop_loss,0.232,0.2335,0.23378412922214623,0.23579330484330488,0.23170000000000002,0,0.23220000000000002,285979.2,0,False,0.23123999999999997,0.23255714285714282,0.235764,-15.7907835,-0.2576577216854432,1,go_long,do_nothing,go_long,go_long,go_short,go_short,2020-07-16 02:30:00+00:00,go_long,go_short,1194898.2,0.2909,0.2908,go_long,0,do_nothing,0,go_long,0.2860117223198168,0.29034000000000143,go_short,0.2959,0,0.2881715465259458,0.2882285714285717,0.29550000000000004,0.2871040000000002,False
48,OP/USDT:USDT,2022-06-13 01:15:00+00:00,first_buy,stop_loss,0.6331,0.6429,0.6524418351069308,0.6699432106048485,0.6091,1,0.611,9763253.1,0,False,0.6409400000000007,0.6441714285714311,0.6752080000000003,-16.9522929,-0.2763001707111939,1,do_nothing,do_nothing,go_long,go_long,go_long,go_long,2022-06-18 17:30:00+00:00,go_long,go_long,3876627.4,0.4484,0.44620000000000004,go_long,1,do_nothing,1,do_nothing,0.4592507221587667,0.4518000000000006,go_long,0.4521,0,0.45402221266006,0.4525142857142889,0.44770000000000004,0.4589360000000005,False
47,OP/USDT:USDT,2022-06-08 20:45:00+00:00,first_buy,stop_loss,0.911,0.9142,0.9148945097082537,0.9394934315118934,0.806,1,0.8488,17740595.6,1,False,0.9039600000000005,0.9078714285714317,0.9470240000000003,-16.79836709,-0.27383592388693284,1,do_nothing,do_nothing,go_long,go_long,go_long,go_long,2022-06-13 01:00:00+00:00,go_long,go_long,7087935.7,0.6495000000000001,0.6318,go_long,1,do_nothing,1,do_nothing,0.6746586674532364,0.6477600000000008,go_long,0.6537000000000001,1,0.6599767142172819,0.6534000000000025,0.6333000000000001,0.6794800000000002,False
46,OP/USDT:USDT,2022-06-01 20:45:00+00:00,first_buy,stop_loss,1.1785,1.1937,1.21734331160869,1.2069454415954417,1.1354,0,1.1916,2771840.8,0,False,1.2240000000000004,1.2424285714285712,1.202204,-16.9480647,-0.2762954921391373,0,do_nothing,do_nothing,go_long,go_long,go_long,go_long,2022-06-08 20:30:00+00:00,go_long,go_long,1432170.1,0.927,0.9059,go_long,0,do_nothing,1,do_nothing,0.9467489060328448,0.9186200000000004,go_long,0.9297000000000001,0,0.9269116932915725,0.9175428571428602,0.9115000000000001,0.9527480000000003,False
43,TRB/USDT:USDT,2022-05-11 21:00:00+00:00,first_buy,stop_loss,9.86,9.89,10.109905695800027,10.783226316639162,9.22,1,9.29,53310.7,1,False,9.759999999999946,9.805714285714158,10.862000000000315,-16.71293341,-0.2761991261013594,1,do_nothing,do_nothing,go_long,go_long,go_long,go_long,2022-05-12 07:15:00+00:00,go_long,go_long,114738.9,8.09,6.93,go_long,1,do_nothing,1,do_nothing,8.770498101687119,8.047999999999941,go_long,8.09,1,8.246090710702871,8.138571428571298,7.0,8.916400000000321,False
42,TRB/USDT:USDT,2022-05-08 02:45:00+00:00,first_buy,stop_loss,13.07,13.13,13.268215258183945,13.432932529488982,12.99,1,13.06,7445.2,0,False,13.15399999999993,13.224285714285571,13.417200000000316,-16.27677313,-0.27045861111377895,1,do_nothing,do_nothing,go_long,go_long,go_long,go_long,2022-05-11 20:45:00+00:00,go_long,go_long,82558.9,9.91,9.72,go_long,1,do_nothing,0,do_nothing,10.902684421970296,9.857999999999947,go_long,9.98,0,10.258979458672759,9.929999999999874,9.86,10.995600000000314,False
41,TRB/USDT:USDT,2022-01-22 10:00:00+00:00,first_buy,stop_loss,18.39,18.58,18.99727844050682,19.707969494943868,17.74,1,17.92,53093.0,0,False,18.577999999999793,18.74285714285698,19.908000000000165,-18.65874046,-0.30593652113380315,1,do_nothing,do_nothing,go_long,go_long,go_long,go_long,2022-05-08 02:30:00+00:00,go_long,go_long,11844.7,13.08,13.0,go_long,1,do_nothing,1,do_nothing,13.4627671318481,13.213999999999931,go_long,13.15,0,13.306072577853753,13.268571428571287,13.07,13.449200000000317,False
40,TRB/USDT:USDT,2022-01-20 22:00:00+00:00,first_buy,stop_loss,25.88,25.88,26.366935993389976,26.68038555151324,25.0,1,25.0,26300.5,0,False,26.063999999999773,26.248571428571232,26.888000000000158,-16.6131523,-0.27660926240426237,1,do_nothing,do_nothing,go_long,go_long,go_long,go_long,2022-01-22 09:45:00+00:00,go_long,go_long,38334.2,18.78,18.16,go_long,1,do_nothing,1,do_nothing,19.851007054539377,18.783999999999793,go_long,18.92,0,19.193147247871693,18.95142857142841,18.39,20.024400000000163,False
55,ALGO/USDT:USDT,2021-02-05 07:15:00+00:00,second_buy,stop_loss,0.7892,0.8075,0.766609255069834,0.7482357591239878,0.7892,1,0.794,1618995.7,0,False,0.7879599999999982,0.778842857142858,0.7385960000000016,-16.30535551,-0.2662729080015137,0,go_long,do_nothing,go_long,go_long,go_short,go_short,2021-02-08 20:45:00+00:00,go_long,go_short,974634.8,0.9941000000000001,0.9842000000000001,go_long,0,do_nothing,1,go_long,0.9582552757385123,0.9883599999999942,go_short,1.0003,1,0.9774284387795449,0.9847714285714296,0.9936,0.951216000000002,False
68,BCH/USDT:USDT,2020-01-14 13:15:00+00:00,second_buy,stop_loss,285.28,298.37,286.7149765727859,284.9060666415632,285.28,0,296.23,34707.07,0,False,287.64600000000127,286.86714285714254,284.92400000000015,-16.65964594,-0.2726107989170038,0,do_nothing,do_nothing,go_long,go_long,go_short,go_short,2020-01-17 19:15:00+00:00,go_long,go_short,7641.541,362.11,361.97,go_long,0,do_nothing,0,do_nothing,353.4977100702899,362.9460000000011,go_short,369.28,0,359.3989249898362,362.2514285714286,369.28,349.8416000000002,False
