,pair,open_date,enter_reason,exit_reason,open (entry),high (entry),ema-26 (entry),ema-12 (entry),low (entry),mean-grad-hist (entry),close (entry),volume (entry),long_jcrosk (entry),short_kdj (entry),sma-05 (entry),sma-07 (entry),sma-25 (entry),profit_abs,profit_ratio,sma-compare (entry),long-small-rl (entry),short-small-rl (entry),long-large-rl (entry),short-large-rl (entry),long-bid-rl (entry),short-bid-rl (entry),mean-grad-hist (exit),ema-12 (exit),long-large-rl (exit),sma-05 (exit),sma-07 (exit),long-bid-rl (exit),short-bid-rl (exit),volume (exit),high (exit),short_kdj (exit),short-large-rl (exit),short-small-rl (exit),open (exit),long-small-rl (exit),sma-compare (exit),close (exit),long_jcrosk (exit),low (exit),sma-25 (exit),ema-26 (exit)
148,NEAR/USDT:USDT,2024-08-24 19:15:00+00:00,first_buy,force_exit,5.141,5.197,5.0850119745328035,5.028747432007814,5.128,0,5.182,523887.0,0,False,5.1109999999998355,5.100142857142897,5.017719999999968,18.26256474,0.32000281373687434,0,go_long,go_long,go_long,go_long,go_long,go_long,0,6.888418091135194,go_long,6.898399999999819,6.886000000000062,go_long,go_long,521204.0,6.983,False,go_long,go_long,6.953,go_long,0,6.982,0,6.941,6.886079999999967,6.894001497613801
111,XRP/USDT:USDT,2024-11-22 00:30:00+00:00,first_buy,force_exit,1.2856,1.2926,1.2282761967799418,1.2018797100452667,1.2653,0,1.2730000000000001,85117322.7,0,False,1.2486799999999907,1.2359714285714458,1.2039439999999972,22.02457531,0.359335384636007,0,go_long,go_long,go_long,go_long,go_long,go_long,0,1.705280657905886,go_long,1.729059999999991,1.7229428571428744,go_long,go_long,22939623.3,1.7443,False,go_long,go_long,1.7269999999999999,go_long,0,1.7397,0,1.7186,1.7138919999999953,1.7181598147953028
115,MKR/USDT:USDT,2024-11-07 19:00:00+00:00,first_buy,force_exit,1641.8,1651.7,1569.39335231384,1520.2338935310836,1623.4,1,1631.9,3749.225,0,False,1610.4800000000027,1595.3285714285487,1501.1679999999956,6.06608963,0.10036435063091108,0,go_long,go_long,go_long,go_long,go_long,go_long,0,1804.4571692185707,go_long,1801.1199999999997,1799.914285714263,go_long,go_long,304.047,1814.4,False,go_long,go_long,1805.6,go_long,0,1813.6,0,1804.4,1805.655999999996,1803.1690538945597
100,ALGO/USDT:USDT,2024-11-23 05:45:00+00:00,first_buy,force_exit,0.30910000000000004,0.3183,0.291753838238204,0.28156841808322564,0.3068,0,0.3109,46964756.4,0,False,0.2977999999999948,0.2928285714285727,0.28197200000001194,20.78039439,0.3384951174195123,0,go_long,do_nothing,go_long,go_long,go_long,go_long,0,0.39836445055204983,go_long,0.41387999999999436,0.41200000000000186,go_long,go_long,24383003.0,0.42350000000000004,False,go_long,do_nothing,0.4234,go_long,0,0.418,0,0.4166,0.39988800000001246,0.4089119278216176
32,LDO/USDT:USDT,2024-08-24 17:00:00+00:00,first_buy,force_exit,1.3441,1.3446,1.3234287157055884,1.3163111416869517,1.3376000000000001,0,1.343,546688.0,0,False,1.3299600000000287,1.324542857142878,1.313832000000006,16.95574023,0.2802604493513584,0,go_long,go_long,go_long,go_long,go_long,go_long,0,1.7371344832486588,go_long,1.7412000000000245,1.741600000000029,go_long,go_long,279231.0,1.7577,False,go_long,go_long,1.7486000000000002,go_long,0,1.7568000000000001,0,1.746,1.7385000000000042,1.7415643695564982
119,QTUM/USDT:USDT,2024-11-23 01:45:00+00:00,first_buy,force_exit,3.846,3.852,3.6404787837078847,3.5422669385610512,3.71,1,3.734,402569.1,0,False,3.7561999999996942,3.6920000000001068,3.5056799999999213,1.16835313,0.019059955714396774,0,go_long,do_nothing,go_long,go_long,go_long,go_long,0,3.7759260008186093,go_long,3.8003999999996894,3.7978571428572536,go_long,go_long,22733.3,3.826,False,go_long,do_nothing,3.8200000000000003,go_long,0,3.823,0,3.815,3.7810799999999216,3.7935217969830552
123,LQTY/USDT:USDT,2024-11-24 04:00:00+00:00,first_buy,force_exit,1.333,1.3379,1.3215767919981065,1.3104206232109155,1.3312,0,1.337,38594.5,0,False,1.3280799999999666,1.326142857142867,1.3066480000000142,8.13013853,0.13261786202360068,0,go_long,go_long,go_long,go_long,go_long,go_long,0,1.5138827624898528,go_long,1.5120999999999656,1.5106428571428658,go_long,go_long,50473.2,1.5209000000000001,False,go_long,go_long,1.5134,go_long,0,1.5202,0,1.5128,1.5176520000000147,1.5121583331626338
26,INJ/USDT:USDT,2024-08-23 22:30:00+00:00,first_buy,force_exit,22.236,22.364,21.98334606258509,21.72369831788847,22.144,1,22.238,55267.3,0,False,22.149000000000253,22.081999999999862,21.704360000000097,20.17198113,0.33565571513493797,0,go_long,go_long,go_long,go_long,do_nothing,do_nothing,0,30.00966478724565,go_long,30.00920000000035,30.023857142856976,do_nothing,do_nothing,54045.1,30.28,False,go_long,go_long,30.186,go_long,1,30.277,0,30.161,30.04664000000009,30.074823752040132
22,OGN/USDT:USDT,2024-11-23 14:00:00+00:00,first_buy,force_exit,0.1177,0.11800000000000001,0.11576120780426298,0.11471104201384764,0.11720000000000001,0,0.1173,960898.0,1,False,0.11684000000001174,0.11642857142857155,0.11454400000000035,7.06811713,0.1150985783364398,0,go_long,go_long,go_long,go_long,go_long,go_long,0,0.13067396417235586,go_long,0.1306800000000119,0.13065714285714303,go_long,go_long,249905.0,0.13140000000000002,False,go_long,go_long,0.1313,go_long,0,0.13140000000000002,0,0.1312,0.13109600000000032,0.13077408972797447
127,MASK/USDT:USDT,2024-10-29 17:30:00+00:00,first_buy,force_exit,3.023,3.0922,2.6640362213640763,2.509528640464527,2.9383,0,3.0718,9505003.0,0,False,2.887260000000171,2.7459571428572143,2.417591999999989,12.29035025,0.21033568504004677,0,go_long,do_nothing,go_long,go_long,go_long,go_long,0,3.7041466264990017,go_long,3.7425000000001667,3.72905714285721,go_long,go_long,238586.0,3.7874,False,go_long,do_nothing,3.7686,go_long,0,3.7696,0,3.7617000000000003,3.712515999999996,3.726859067663984
43,DYDX/USDT:USDT,2024-06-18 01:45:00+00:00,first_buy,force_exit,1.361,1.361,1.3803925361628742,1.4063528138567074,1.175,1,1.236,7846646.1,1,False,1.358600000000018,1.3761428571429875,1.4169199999999558,17.57492538,0.2862779270760383,1,go_long,go_long,go_long,go_long,go_long,go_long,0,1.6280628533917174,go_long,1.632200000000021,1.6304285714286972,go_long,go_long,123379.9,1.643,False,go_long,go_long,1.639,go_long,0,1.642,0,1.6360000000000001,1.6322799999999582,1.6317140057001107
92,ETH/USDT:USDT,2024-02-19 22:00:00+00:00,second_buy,force_exit,2950.4,2973.41,2943.7327456459657,2934.5477385754084,2950.08,0,2970.66,72786.402,0,False,2948.8719999999685,2945.6742857142335,2933.6931999999965,-5.80594912,-0.09781968392238873,0,do_nothing,do_nothing,go_short,go_short,go_short,go_short,0,3589.68479819551,go_short,3577.8479999999663,3578.164285714242,go_short,go_short,10967.928,3589.6,False,go_short,do_nothing,3584.93,do_nothing,1,3589.57,0,3579.14,3598.09559999999,3584.7068378881304
58,TRB/USDT:USDT,2024-11-20 18:15:00+00:00,first_buy,force_exit,64.301,64.478,65.19992169354636,65.71075226538619,63.214,1,64.45,67786.2,0,False,64.78700000000316,64.91428571428663,65.81435999999957,8.4128423,0.14489161041527215,1,go_long,go_long,go_long,go_long,go_long,go_long,0,73.61837776651141,go_long,73.69760000000329,73.67628571428659,go_long,go_long,6680.8,74.237,False,go_long,go_long,74.024,go_long,0,74.207,0,74.007,73.72023999999945,73.7360765729477
106,BCH/USDT:USDT,2024-07-29 03:30:00+00:00,first_buy,force_exit,427.13,429.21,421.06623701407176,418.04424446445586,426.64,0,427.42,10297.33,0,False,423.57000000000244,421.4557142856988,417.98520000000303,14.17934473,0.2317290094123409,0,go_long,go_long,go_long,go_long,go_long,go_long,0,514.2910803147898,go_long,515.0620000000002,515.1714285714107,go_long,go_long,3117.811,519.24,False,go_long,go_long,516.37,go_long,0,519.2,0,515.46,515.1280000000017,515.3092827843346
6,LINK/USDT:USDT,2024-11-23 14:45:00+00:00,first_buy,force_exit,17.573,17.678,17.355847614525562,17.173727107554694,17.538,0,17.632,275565.66,0,False,17.465200000000173,17.431285714285522,17.102039999999796,1.62679704,0.026560950577698715,0,go_long,go_long,go_long,go_long,go_long,go_long,0,18.04655920103494,go_long,18.042600000000157,18.03699999999979,go_long,go_long,150001.75,18.212,False,go_long,go_long,18.115,go_long,0,18.206,0,18.088,18.077199999999813,18.05866817037405
77,SXP/USDT:USDT,2024-11-07 02:45:00+00:00,first_buy,force_exit,0.34650000000000003,0.3544,0.32309059329529993,0.3082975296207662,0.33740000000000003,1,0.34190000000000004,25971631.5,0,False,0.33495999999999904,0.330199999999959,0.30185199999999424,13.63504642,0.2220756816538211,0,go_long,do_nothing,go_long,go_long,go_long,go_long,0,0.4136375974387787,go_long,0.4181999999999987,0.41748571428567377,go_long,go_long,859760.5,0.4212,False,go_long,do_nothing,0.42110000000000003,go_long,0,0.4207,0,0.4194,0.4142999999999939,0.41662671410870894
136,COTI/USDT:USDT,2024-11-23 00:30:00+00:00,first_buy,force_exit,0.14569000000000001,0.156,0.13498315220889834,0.12583678458646197,0.14442000000000002,0,0.15519000000000002,78109032.0,0,False,0.14186199999999285,0.1386057142857196,0.12248080000000149,-2.85688421,-0.046558366262673186,0,go_long,go_long,go_long,go_long,go_long,go_long,0,0.14819385346245093,go_long,0.14735599999999288,0.1475628571428624,go_long,go_long,1564625.0,0.14879,False,go_long,go_long,0.14806000000000002,go_long,1,0.14875000000000002,0,0.14792000000000002,0.14923440000000138,0.14810268718259634
68,COMP/USDT:USDT,2024-11-24 04:00:00+00:00,first_buy,force_exit,70.67,71.22,68.54782969963321,67.00842073526644,70.32,0,71.18,11339.505,0,False,69.88600000000059,69.60428571428282,66.24999999999851,0.0587312,0.0009573564373536568,0,go_long,go_long,go_long,go_long,go_long,go_long,0,71.01288740088587,go_long,70.98000000000057,70.94857142856868,go_long,go_long,3177.853,71.51,False,go_long,go_long,71.08,go_long,0,71.51,0,71.02,71.05079999999853,71.01287021066081
141,NMR/USDT:USDT,2024-11-28 20:00:00+00:00,first_buy,force_exit,21.799,22.054,20.272870313701187,19.735671815035182,20.71,1,20.807,183286.7,0,False,20.831999999999876,20.5764285714286,19.488520000000005,-1.32600789,-0.021931405448785905,0,go_long,go_long,go_long,go_long,do_nothing,do_nothing,0,20.424259461331246,go_long,20.348199999999885,20.369000000000035,do_nothing,do_nothing,5679.5,20.451,False,go_long,go_long,20.41,go_long,1,20.415,0,20.376,20.50412000000001,20.41068170109912
82,BNB/USDT:USDT,2024-03-13 07:30:00+00:00,first_buy,force_exit,562.08,564.6,548.3590908984384,543.4360957356976,559.35,0,562.74,66984.35,0,False,553.4479999999897,549.852857142852,541.065599999994,9.43550087,0.16750021848431446,0,go_long,go_long,go_long,go_long,go_long,go_long,1,656.5131159834813,go_long,654.6839999999875,655.6314285714208,go_long,go_long,9619.73,654.8,False,go_long,go_long,654.4,go_long,1,654.46,0,653.5,657.4015999999918,655.9655222991971
78,BNB/USDT:USDT,2021-03-03 00:15:00+00:00,first_buy,roi,239.673,239.771,237.16108822248654,234.8522407407407,236.054,0,238.474,96897.14,0,False,239.2274,238.49257142857138,234.57211999999996,29.44744173,0.4934730153661869,0,go_long,go_long,go_long,go_long,go_long,go_long,1,386.6317751052236,go_long,388.00999999999397,387.6271428571408,go_long,go_long,0.0,387.78,False,go_long,go_long,387.78,go_long,0,387.78,1,387.78,386.8075999999981,387.168817223705
86,ETH/USDT:USDT,2021-05-10 03:15:00+00:00,second_buy,short-exit-profit,3980.56,4019.69,3951.0996115015496,3929.5434358815387,3980.56,0,4018.34,65437.287,0,False,3973.6500000000146,3960.3385714285696,3923.521600000002,24.00561655,0.3986682029006517,0,do_nothing,do_nothing,go_short,go_short,go_short,go_short,1,2792.118256955643,go_short,2806.712000000029,2805.624285714227,go_short,go_short,0.0,2802.08,False,go_short,do_nothing,2802.08,do_nothing,0,2802.08,1,2802.08,2793.777600000001,2798.339831593628
88,ETH/USDT:USDT,2022-05-30 19:45:00+00:00,second_buy,short-exit-profit,1928.03,1931.95,1922.4236951881664,1915.5311144564184,1920.94,1,1921.73,18191.938,1,False,1924.3960000000272,1924.1514285713795,1914.7028000000005,23.87383953,0.4011399709417454,0,do_nothing,do_nothing,go_short,go_short,go_short,go_short,1,1207.0972531949683,go_short,1180.0180000000278,1189.7742857142334,go_short,go_short,208959.945,1181.07,False,go_short,do_nothing,1177.11,do_nothing,1,1151.26,0,1148.0,1214.7836000000016,1191.2723258157105
94,ALGO/USDT:USDT,2022-05-01 23:00:00+00:00,first_buy,stop_loss,0.5941000000000001,0.5965,0.5936976868846847,0.5928534962124913,0.5928,0,0.5956,777422.2,1,False,0.5953799999999985,0.5941714285714287,0.5937800000000089,-24.23128898,-0.3949112125415477,0,go_long,do_nothing,go_long,go_long,go_long,go_long,0,0.4048813014542902,go_long,0.3810399999999997,0.3806999999999987,go_long,go_long,13417256.9,0.3836,False,go_long,do_nothing,0.379,go_long,0,0.3638,1,0.3633,0.41227200000000935,0.3873285428446318
104,BCH/USDT:USDT,2023-07-13 18:15:00+00:00,first_buy,stop_loss,280.75,289.33,281.99783880232815,282.7633072534318,280.65,0,285.72,290301.468,0,False,280.67200000000315,280.68999999998783,283.24480000000153,-23.5498815,-0.38479607628509,1,go_long,go_long,go_long,go_long,go_long,go_long,1,203.7389249179328,go_long,201.10600000000184,202.03142857141668,go_long,go_long,68220.846,199.52,False,go_long,go_long,198.32,go_long,1,196.97,0,196.2,203.6156000000014,202.25886202214332
89,ETH/USDT:USDT,2022-06-18 19:30:00+00:00,second_buy,stop_loss,933.77,943.69,955.6825110739483,973.1648303603409,931.14,1,933.41,134025.619,1,False,939.2780000000278,945.371428571374,978.0868000000008,-23.9572209,-0.3952620721886103,1,do_nothing,do_nothing,go_short,go_short,go_short,go_short,0,1230.0542735973006,go_short,1260.754000000025,1253.4985714285174,go_short,go_short,167074.165,1277.0,False,go_short,do_nothing,1263.89,do_nothing,0,1274.16,0,1262.0,1221.2400000000023,1245.6874216910621
103,BCH/USDT:USDT,2022-06-09 09:30:00+00:00,first_buy,stop_loss,179.49,180.73,178.5779163988022,177.8788711323748,179.37,0,180.17,8165.496,0,False,179.23400000000203,179.01857142855965,177.54280000000182,-24.11789798,-0.3933399751825857,0,go_long,go_long,go_long,go_long,go_long,go_long,1,115.29835490576437,go_long,112.76800000000212,112.70714285713117,go_long,go_long,16615.765,112.55,False,go_long,go_long,112.34,go_long,0,112.19,0,111.45,114.98400000000194,113.2573434541851
102,BCH/USDT:USDT,2022-05-01 23:00:00+00:00,first_buy,stop_loss,281.52,281.53,281.39640937822907,281.5550580076477,279.09,1,279.25,8048.968,1,False,281.4360000000014,281.3785714285598,282.6188000000017,-24.20158988,-0.3951859381706861,0,go_long,go_long,go_long,go_long,go_long,go_long,1,188.78627392311284,go_long,179.9260000000016,181.22142857141662,go_long,go_long,16180.137,179.01,False,go_long,go_long,178.66,go_long,1,177.2,0,174.9,190.4832000000019,183.96653062220543
90,ETH/USDT:USDT,2022-07-18 09:45:00+00:00,second_buy,stop_loss,1485.57,1487.95,1467.7968981076656,1444.8976468222108,1476.0,1,1480.26,70839.599,0,False,1478.0460000000228,1478.0328571428038,1444.0632000000032,-22.8830593,-0.3774215878566037,0,do_nothing,do_nothing,go_short,go_short,go_short,go_short,0,2007.7431667967733,go_short,2011.1879999999794,2009.9142857142244,go_short,go_short,96718.243,2026.5,False,go_short,do_nothing,2011.25,do_nothing,0,2019.77,0,2009.0,2009.6339999999989,2010.5266167603295
101,BCH/USDT:USDT,2021-03-03 00:15:00+00:00,first_buy,stop_loss,517.48,517.62,513.2372870321386,513.0686609686609,511.22,0,515.35,6665.137,0,False,515.6940000000001,513.9057142857141,512.45,-40.33887602,-0.6571136274777352,0,go_long,go_long,go_long,go_long,go_long,go_long,1,335.01336841395874,go_long,331.9940000000025,331.48285714284685,go_long,go_long,21020.636,333.61,False,go_long,go_long,333.0,go_long,0,321.68,1,321.31,336.0988000000013,332.5266642263442
79,BNB/USDT:USDT,2022-05-01 23:00:00+00:00,first_buy,stop_loss,387.81,388.8,387.34130688159655,386.75460657891074,387.33,1,388.29,4936.21,0,False,388.263999999994,387.8714285714265,386.7379999999981,-22.73493445,-0.389952908526655,0,go_long,go_long,go_long,go_long,go_long,go_long,1,267.0176865991813,go_long,256.0679999999939,258.2957142857118,go_long,go_long,68385.29,255.88,False,go_long,go_long,254.49,go_long,1,250.02,1,249.21,268.62679999999784,261.71020276762266
83,ETH/USDT:USDT,2021-03-03 00:15:00+00:00,second_buy,stop_loss,1486.24,1491.66,1483.070648869553,1484.1511965811965,1475.0,0,1491.07,32434.218,0,False,1487.2379999999998,1485.3571428571424,1482.1299999999997,-20.7672402,-0.34002741460320285,0,do_nothing,do_nothing,go_short,go_short,go_short,go_short,0,2009.403587525793,go_short,2026.3700000000117,2019.0742857142836,go_short,go_short,108221.619,2066.54,False,go_short,do_nothing,2033.74,do_nothing,0,2058.31,0,2026.7,2005.7312,2018.6316574485295
91,ETH/USDT:USDT,2023-04-16 22:15:00+00:00,second_buy,stop_loss,2128.41,2130.24,2121.117645878915,2114.0221905085305,2124.48,1,2124.65,22334.448,0,False,2122.6899999999773,2123.3685714285134,2112.8747999999996,-19.14698887,-0.3221718000094305,0,do_nothing,do_nothing,go_short,go_short,go_short,go_short,0,2931.658757661441,go_short,2942.0679999999684,2940.5228571428047,go_short,go_short,20447.076,2952.5,False,go_short,do_nothing,2945.27,do_nothing,0,2950.39,0,2940.86,2931.1251999999968,2938.8368812179597
99,ALGO/USDT:USDT,2024-04-12 18:45:00+00:00,first_buy,stop_loss,0.2049,0.2053,0.20814403813708976,0.215358893199382,0.16870000000000002,1,0.18430000000000002,60235017.1,1,False,0.20209999999999226,0.20470000000000077,0.21749600000001149,-25.19774162,-0.4103870817225866,1,go_long,do_nothing,go_long,go_long,go_long,go_long,0,0.11703444334577702,go_long,0.11391999999999358,0.11418571428571564,go_long,go_long,2144049.1,0.114,False,go_long,do_nothing,0.1139,go_long,1,0.113,0,0.11270000000000001,0.11784400000001208,0.11526651107426858
98,ALGO/USDT:USDT,2024-03-12 19:15:00+00:00,first_buy,stop_loss,0.305,0.315,0.29737340905695564,0.292781463151138,0.30410000000000004,0,0.31470000000000004,17977109.6,0,False,0.3023599999999924,0.2994285714285715,0.29194800000001087,-25.10952667,-0.40897415763507783,0,go_long,do_nothing,go_long,go_long,go_long,go_long,1,0.21784360465533256,go_long,0.20619999999999225,0.209585714285715,go_long,go_long,7161924.6,0.2079,False,go_long,do_nothing,0.2079,go_long,1,0.20500000000000002,0,0.2034,0.21928400000001147,0.2124793177983788
97,ALGO/USDT:USDT,2023-12-22 04:00:00+00:00,first_buy,stop_loss,0.2466,0.2506,0.2413839074901315,0.23453878547360435,0.2464,1,0.249,29139385.6,0,False,0.245379999999995,0.2453285714285716,0.2329280000000101,-25.35200475,-0.41296616546458786,0,go_long,do_nothing,go_long,go_long,go_long,go_long,1,0.16125561126829932,go_long,0.15717999999999296,0.15812857142857148,go_long,go_long,13082394.2,0.1569,False,go_long,do_nothing,0.1565,go_long,1,0.15410000000000001,0,0.15380000000000002,0.16245200000001003,0.15930809663160608
85,ETH/USDT:USDT,2021-05-01 16:30:00+00:00,second_buy,stop_loss,2878.99,2889.0,2866.974092386305,2861.641168616976,2877.0,0,2884.0,39511.807,0,False,2868.124000000013,2863.757142857145,2863.2428000000027,-23.02657939,-0.3805935607985133,0,do_nothing,do_nothing,go_short,go_short,go_short,go_short,0,3922.4397107520617,go_short,3956.802000000015,3945.404285714284,go_short,go_short,29672.209,3986.0,False,go_short,do_nothing,3957.21,do_nothing,0,3980.56,0,3955.0,3919.144000000002,3938.8740863200132
84,ETH/USDT:USDT,2021-04-02 15:00:00+00:00,second_buy,stop_loss,2058.32,2079.99,2027.1421716872173,2014.184803264623,2052.79,0,2073.95,105373.061,0,False,2041.3340000000117,2029.3428571428553,2008.6819999999998,-20.52784166,-0.34165172287513473,0,do_nothing,do_nothing,go_short,go_short,go_short,go_short,0,2859.852462106334,go_short,2861.300000000013,2860.6014285714305,go_short,go_short,53047.59,2885.47,False,go_short,do_nothing,2867.63,do_nothing,0,2878.99,0,2867.24,2861.0896000000025,2863.8784728201786
96,ALGO/USDT:USDT,2023-02-01 19:45:00+00:00,first_buy,stop_loss,0.23700000000000002,0.2427,0.2366823681590112,0.23627149167315925,0.2343,0,0.2421,11332509.2,0,False,0.23753999999999667,0.23621428571428724,0.2362200000000098,-25.95535397,-0.42266817522380146,0,go_long,do_nothing,go_long,go_long,go_long,go_long,1,0.1484709525063328,go_long,0.14763999999999675,0.14762857142857216,go_long,go_long,1618295.9,0.1477,False,go_long,do_nothing,0.14750000000000002,go_long,0,0.14750000000000002,1,0.14730000000000001,0.14824000000000973,0.1478413530448637
95,ALGO/USDT:USDT,2022-05-30 02:00:00+00:00,first_buy,stop_loss,0.38580000000000003,0.38720000000000004,0.3806087365841403,0.37789722955372523,0.3846,0,0.3871,2087186.6,0,False,0.38241999999999793,0.3812571428571416,0.3772640000000091,-25.69802256,-0.41852884698750736,0,go_long,do_nothing,go_long,go_long,go_long,go_long,1,0.24037413061043347,go_long,0.23737999999999712,0.2377285714285736,go_long,go_long,4978289.5,0.23770000000000002,False,go_long,do_nothing,0.2371,go_long,1,0.2356,0,0.2351,0.24132800000000956,0.2383008055823431
81,BNB/USDT:USDT,2022-05-30 02:00:00+00:00,first_buy,stop_loss,309.71,311.29,306.9414478368045,305.61290026982545,308.59,0,311.14,40290.63,0,False,307.77399999999295,307.0928571428541,305.00759999999804,-22.98350321,-0.3884066512615757,0,go_long,go_long,go_long,go_long,go_long,go_long,1,197.03126436988458,go_long,191.86199999999326,192.69285714285363,go_long,go_long,42372.38,192.5,False,go_long,go_long,191.14,go_long,1,190.52,1,190.23,197.785199999998,194.22284736665654
93,ALGO/USDT:USDT,2021-03-03 00:15:00+00:00,first_buy,stop_loss,1.0838,1.0841,1.0761812985390284,1.0710069800569801,1.0701,0,1.0797,551153.5,0,False,1.0820400000000006,1.0799857142857139,1.0690800000000003,-48.92984991,-0.7980912957372344,0,go_long,do_nothing,go_long,go_long,go_long,go_long,0,0.6752379866541013,go_long,0.6613999999999983,0.6619285714285736,go_long,go_long,1942016.7,0.6616000000000001,False,go_long,do_nothing,0.6588,go_long,1,0.6587000000000001,0,0.656,0.6788720000000086,0.6666466560626396
114,MKR/USDT:USDT,2024-08-05 01:15:00+00:00,first_buy,stop_loss,2059.8,2073.4,2110.752141024032,2150.463313913096,1668.0,1,1909.4,8385.83,0,False,2075.520000000012,2102.9285714285556,2166.031999999996,-24.97615694,-0.4084469246704055,1,go_long,go_long,go_long,go_long,go_long,go_long,1,1177.4799027751083,go_long,1172.9400000000007,1174.7428571428354,go_long,go_long,573.319,1171.0,False,go_long,go_long,1166.7,go_long,1,1166.7,0,1164.3,1178.9679999999962,1174.3960990896755
109,XRP/USDT:USDT,2023-07-14 14:00:00+00:00,first_buy,stop_loss,0.776,0.7833,0.7830257383420378,0.7843183004721419,0.773,0,0.7796000000000001,69533368.0,0,False,0.776259999999995,0.7798142857142895,0.7851039999999968,-24.63754484,-0.4016696091962718,1,go_long,go_long,go_long,go_long,go_long,go_long,1,0.5744850463999642,go_long,0.5665799999999928,0.569114285714291,go_long,go_long,53615358.8,0.5651,False,go_long,go_long,0.5613,go_long,1,0.5578000000000001,0,0.5562,0.5747319999999939,0.5701702632415098
146,NEAR/USDT:USDT,2024-04-21 23:00:00+00:00,first_buy,stop_loss,6.463,6.476,6.292348870502791,6.241967604177048,6.379,1,6.382,932640.0,1,False,6.352599999999896,6.322285714285733,6.201680000000002,-23.85771025,-0.41501465067520543,0,go_long,go_long,go_long,go_long,go_long,go_long,0,4.40445090896588,go_long,4.120799999999826,4.15042857142861,go_long,go_long,1275076.0,4.132,False,go_long,go_long,4.114,go_long,1,4.098,0,4.087,4.456039999999982,4.243123768535708
145,NEAR/USDT:USDT,2024-03-12 13:45:00+00:00,first_buy,stop_loss,7.469,7.539,7.208297108034937,7.1054910699353995,7.37,0,7.395,3061442.0,0,False,7.315399999999895,7.220571428571454,7.080879999999992,-24.88146631,-0.42010224615163094,0,go_long,go_long,go_long,go_long,go_long,go_long,1,5.417912292029065,go_long,5.200799999999904,5.228142857142879,go_long,go_long,9336604.0,5.178,False,go_long,go_long,5.172,go_long,1,4.904,0,4.7,5.475200000000009,5.2659262309638875
144,NEAR/USDT:USDT,2023-12-25 18:15:00+00:00,first_buy,stop_loss,4.277,4.388,4.1351036251097195,4.046770498332895,4.257,0,4.2620000000000005,4027397.0,1,False,4.219999999999913,4.1675714285714704,4.006639999999993,-24.39700378,-0.4085665864627879,0,go_long,go_long,go_long,go_long,go_long,go_long,1,2.6744901341959557,go_long,2.639799999999903,2.6498571428571793,go_long,go_long,1208018.0,2.638,False,go_long,go_long,2.624,go_long,1,2.604,0,2.593,2.688799999999993,2.6594625076327834
143,NEAR/USDT:USDT,2022-05-02 09:45:00+00:00,first_buy,stop_loss,11.62,11.645,11.832377714228413,11.866773666541189,11.51,1,11.517,1916885.0,0,False,11.76799999999992,11.843571428571453,11.884320000000052,-22.53821537,-0.3910333391859963,1,go_long,go_long,go_long,go_long,go_long,go_long,1,8.525139221641425,go_long,8.024199999999954,8.149428571428624,go_long,go_long,3549692.0,8.064,False,go_long,go_long,8.013,go_long,1,7.905,0,7.768,8.459520000000035,8.266265788577186
142,NEAR/USDT:USDT,2021-03-03 00:15:00+00:00,first_buy,stop_loss,4.0373,4.0395,3.9922051908296177,3.962451851851852,3.9964,0,4.0231,59385.0,1,False,4.024980000000002,4.010685714285714,3.958608,-35.57324844,-0.5887918672112717,0,go_long,go_long,go_long,go_long,go_long,go_long,1,2.7988693589254865,go_long,2.656339999999981,2.6709285714285436,go_long,go_long,218678.0,2.6495,False,go_long,go_long,2.6243,go_long,1,2.5316,0,2.52,2.7949559999999996,2.691530493896289
140,NMR/USDT:USDT,2024-06-18 01:30:00+00:00,first_buy,stop_loss,19.247,19.249,19.407358200769444,19.717782106009977,17.673000000000002,1,18.7,34910.7,0,False,19.156799999999812,19.2845714285713,19.797919999999973,-23.61815408,-0.3941044337030226,1,go_long,go_long,go_long,go_long,do_nothing,do_nothing,0,11.749383929968435,go_long,11.472999999999816,11.518714285714188,do_nothing,do_nothing,2166.8,11.508,False,go_long,go_long,11.499,go_long,1,11.382,0,11.358,11.802320000000003,11.621801542605247
139,NMR/USDT:USDT,2024-05-06 10:00:00+00:00,first_buy,stop_loss,29.23,29.885,28.576836724141884,28.043268460584176,29.176,0,29.395,35437.1,0,False,28.934399999999762,28.87299999999995,27.86912,-23.51295502,-0.3995486571601557,0,go_long,go_long,go_long,go_long,do_nothing,do_nothing,1,19.799204674490777,go_long,19.32279999999981,19.41814285714273,do_nothing,do_nothing,4236.0,19.573,False,go_long,go_long,19.4,go_long,1,19.244,0,19.244,19.872759999999975,19.535968782727526
138,NMR/USDT:USDT,2024-03-19 06:45:00+00:00,first_buy,stop_loss,32.03,32.15,32.27234069955353,32.817478715563496,31.57,1,31.61,5165.4,1,False,32.01199999999976,32.000000000000114,32.8088,-24.17061035,-0.40191857062675,0,go_long,go_long,go_long,go_long,do_nothing,do_nothing,1,25.310831256445944,go_long,24.315599999999765,24.45171428571431,do_nothing,do_nothing,60776.1,24.257,False,go_long,go_long,24.25,go_long,1,22.77,0,21.592,25.578199999999995,24.600063970726726
137,NMR/USDT:USDT,2024-03-10 00:30:00+00:00,first_buy,stop_loss,53.87,54.12,50.83614174418923,48.56653356216039,51.99,1,52.19,63478.2,1,False,52.039999999999814,51.75000000000015,47.80960000000005,-22.9497219,-0.3995119993185758,0,go_long,go_long,go_long,go_long,do_nothing,do_nothing,0,32.914077012808576,go_long,32.06799999999976,32.08857142857154,do_nothing,do_nothing,4132.8,32.37,False,go_long,go_long,32.34,go_long,1,32.04,0,32.0,32.9404,32.392766281290534
135,COTI/USDT:USDT,2024-07-24 00:00:00+00:00,first_buy,stop_loss,0.11489,0.11532,0.11257030328389403,0.11088632882360454,0.11447000000000002,0,0.11463000000000001,9022788.0,0,False,0.11386999999999312,0.11325142857143342,0.11085720000000189,-24.36537295,-0.3968706901748818,0,go_long,go_long,go_long,go_long,go_long,go_long,1,0.08042066911076179,go_long,0.0785739999999934,0.07900571428571923,go_long,go_long,7658039.0,0.07880000000000001,False,go_long,go_long,0.07801000000000001,go_long,1,0.07659,0,0.07565000000000001,0.08100320000000187,0.0795640097966049
134,COTI/USDT:USDT,2024-04-12 17:30:00+00:00,first_buy,stop_loss,0.14252,0.14259000000000002,0.14291687478427734,0.14586747531700098,0.12386000000000001,1,0.13356,26178548.0,0,False,0.14113599999999354,0.14204857142857527,0.14674320000000166,-25.38563082,-0.413432610705354,1,go_long,go_long,go_long,go_long,go_long,go_long,1,0.08400592545998817,go_long,0.0830719999999932,0.08320428571429098,go_long,go_long,2211112.0,0.08277000000000001,False,go_long,go_long,0.08277000000000001,go_long,1,0.082,0,0.08178,0.08388240000000194,0.0833427119529982
133,COTI/USDT:USDT,2024-03-08 15:00:00+00:00,first_buy,stop_loss,0.23121000000000003,0.23470000000000002,0.22475992456540905,0.2179319386491115,0.22951000000000002,1,0.23287000000000002,12260903.0,0,False,0.23010799999999348,0.22863428571428918,0.21528920000000173,-25.833108,-0.4213974861655921,0,go_long,go_long,go_long,go_long,go_long,go_long,1,0.14685207334236106,go_long,0.14314599999999353,0.14376857142857527,go_long,go_long,2816001.0,0.14338,False,go_long,go_long,0.1432,go_long,1,0.14251,0,0.14177,0.14748720000000165,0.14461812474505503
132,COTI/USDT:USDT,2024-02-25 02:45:00+00:00,first_buy,stop_loss,0.22674000000000002,0.23149000000000003,0.1983290557621315,0.18436567778660387,0.21628000000000003,0,0.22940000000000002,154889957.0,0,False,0.20676999999999363,0.20208285714286015,0.18321360000000225,-24.30855249,-0.3965309998577478,0,go_long,go_long,go_long,go_long,go_long,go_long,1,0.19572675358128658,go_long,0.19414999999999358,0.19443142857143178,go_long,go_long,27811508.0,0.19315000000000002,False,go_long,go_long,0.19273,go_long,1,0.18660000000000002,0,0.18222000000000002,0.19586320000000185,0.19389820396839114
105,BCH/USDT:USDT,2024-03-03 03:30:00+00:00,first_buy,stop_loss,511.27,515.65,498.2953780240224,486.8176731840614,506.0,0,511.78,114537.455,0,False,499.7820000000036,499.47142857141597,484.640400000002,-24.07490703,-0.3949042284416841,0,go_long,go_long,go_long,go_long,go_long,go_long,0,329.3402912319758,go_long,319.9400000000024,319.79999999998506,go_long,go_long,20510.143,320.97,False,go_long,go_long,316.81,go_long,0,319.93,0,316.55,331.99480000000375,323.14627267884475
131,COTI/USDT:USDT,2022-05-01 23:00:00+00:00,first_buy,stop_loss,0.19214,0.19326000000000002,0.19199049100051074,0.19183753191458885,0.19153,0,0.19310000000000002,1263908.0,1,False,0.19273799999999458,0.19250428571428782,0.19226680000000207,-24.04198489,-0.3923690169372846,0,go_long,go_long,go_long,go_long,go_long,go_long,1,0.1392079523536043,go_long,0.13155799999999496,0.13375714285714507,go_long,go_long,23009766.0,0.13347,False,go_long,go_long,0.13347,go_long,1,0.12278000000000001,0,0.11889000000000001,0.13835280000000222,0.13551212296359713
129,COTI/USDT:USDT,2021-04-18 03:30:00+00:00,first_buy,stop_loss,0.32142000000000004,0.32385,0.32974195391487865,0.3408753586857527,0.25765000000000005,1,0.28801000000000004,18003714.0,0,False,0.32300399999999707,0.3274942857142857,0.34546879999999996,-26.00396192,-0.4247258676502487,1,go_long,go_long,go_long,go_long,go_long,go_long,1,0.30468902208016285,go_long,0.27121799999999796,0.277401428571428,go_long,go_long,7070145.0,0.27729000000000004,False,go_long,go_long,0.27718000000000004,go_long,1,0.2316,1,0.23118000000000002,0.309640400000001,0.2871070832928284
128,COTI/USDT:USDT,2021-03-10 13:45:00+00:00,first_buy,stop_loss,0.44017000000000006,0.45783,0.443675331464238,0.43715754985754984,0.4378,0,0.44655000000000006,2480597.0,0,False,0.4416479999999998,0.44353428571428577,0.43857680000000004,-32.69849499,-0.5339529934009754,0,go_long,go_long,go_long,go_long,go_long,go_long,1,0.3451045873806129,go_long,0.33291399999999705,0.33510285714285715,go_long,go_long,4827312.0,0.334,False,go_long,go_long,0.33065,go_long,1,0.32135,0,0.31782000000000005,0.34859399999999996,0.33732958189940204
126,MASK/USDT:USDT,2024-04-13 17:45:00+00:00,first_buy,stop_loss,3.501,3.537,3.6310539092049945,3.693574382929138,3.396,1,3.475,2444287.0,0,False,3.5632000000001782,3.597428571428647,3.7211600000000016,-24.35946432,-0.41181766044150125,1,go_long,do_nothing,go_long,go_long,go_long,go_long,1,2.1779182345255084,go_long,2.1640000000001858,2.1708571428572125,go_long,go_long,205345.0,2.155,False,go_long,do_nothing,2.154,go_long,1,2.14,0,2.135,2.1755599999999964,2.168992645621607
125,MASK/USDT:USDT,2024-03-29 07:30:00+00:00,first_buy,stop_loss,5.651,5.761,5.350236261254255,5.258889622275684,5.574,0,5.66,4240934.0,0,False,5.442600000000171,5.3745714285715325,5.190440000000003,-22.9539672,-0.40514198169321847,0,go_long,do_nothing,go_long,go_long,go_long,go_long,1,3.711060333563469,go_long,3.6022000000001784,3.635857142857218,go_long,go_long,1735251.0,3.581,False,go_long,do_nothing,3.557,go_long,1,3.5,0,3.475,3.733520000000002,3.659427347242266
124,MASK/USDT:USDT,2022-05-01 23:00:00+00:00,first_buy,stop_loss,3.827,3.849,3.8180753020402665,3.8096290127365386,3.816,0,3.839,107542.0,1,False,3.83240000000013,3.821714285714361,3.8157599999999716,-22.72930315,-0.3942117457195582,0,go_long,do_nothing,go_long,go_long,go_long,go_long,1,2.5888385661732163,go_long,2.4864000000001214,2.520285714285784,go_long,go_long,391009.0,2.493,False,go_long,do_nothing,2.48,go_long,1,2.436,0,2.412,2.5661999999999727,2.541291476551848
122,LQTY/USDT:USDT,2024-06-18 01:45:00+00:00,first_buy,stop_loss,0.8824000000000001,0.8842000000000001,0.8988540877715974,0.9189311194787847,0.7816000000000001,1,0.8097000000000001,2051690.5,0,False,0.881759999999972,0.8923714285714347,0.9282760000000151,-24.90234542,-0.4060196905653151,1,go_long,go_long,go_long,go_long,go_long,go_long,1,0.5453673291932101,go_long,0.5208199999999722,0.522014285714289,go_long,go_long,1333536.8,0.5245000000000001,False,go_long,go_long,0.521,go_long,1,0.5188,0,0.5135000000000001,0.5419280000000134,0.5268666159397531
121,LQTY/USDT:USDT,2024-06-06 06:15:00+00:00,first_buy,stop_loss,1.3765,1.3973,1.3313036994347305,1.302425251343027,1.3559,0,1.3629,2095897.5,0,False,1.3532799999999714,1.3436000000000088,1.2913080000000143,-24.3473478,-0.3965602800232294,0,go_long,go_long,go_long,go_long,go_long,go_long,1,0.9276696090370875,go_long,0.903039999999972,0.9091857142857204,go_long,go_long,1508721.1,0.9053,False,go_long,go_long,0.9049,go_long,1,0.8825000000000001,0,0.8581000000000001,0.9348080000000151,0.9150639219118878
120,LQTY/USDT:USDT,2023-10-25 03:15:00+00:00,first_buy,stop_loss,1.6282,1.6398000000000001,1.6181603715255461,1.6134646660152117,1.6132,0,1.6208,758044.0,0,False,1.6150399999999827,1.6167428571428506,1.613656000000004,-31.81576419,-0.5187525678919349,0,go_long,go_long,go_long,go_long,go_long,go_long,1,1.1040844823526867,go_long,1.0764199999999664,1.0762142857142905,go_long,go_long,231510.0,1.081,False,go_long,go_long,1.0703,go_long,0,1.0592,0,1.0585,1.1124560000000139,1.0834156702291604
118,QTUM/USDT:USDT,2024-06-07 18:15:00+00:00,first_buy,stop_loss,3.485,3.4939999999999998,3.4757666704894676,3.5375650111046855,2.936,1,2.999,2100358.6,0,False,3.4249999999996654,3.4688571428572685,3.571879999999931,-24.80630674,-0.40506190322893926,1,go_long,do_nothing,go_long,go_long,go_long,go_long,1,2.1307164154406664,go_long,2.104399999999674,2.1154285714287004,go_long,go_long,288859.8,2.103,False,go_long,do_nothing,2.084,go_long,1,2.048,0,2.021,2.1429199999999167,2.1198399515736774
117,QTUM/USDT:USDT,2024-03-04 07:15:00+00:00,first_buy,stop_loss,4.755,4.898,4.398179134553971,4.303315583289701,4.662,0,4.889,2000617.5,0,False,4.4761999999996736,4.407714285714418,4.26455999999991,-26.8394301,-0.43883171002483606,0,go_long,do_nothing,go_long,go_long,go_long,go_long,1,3.5806502119930603,go_long,3.5395999999996652,3.5534285714286975,go_long,go_long,177578.6,3.5540000000000003,False,go_long,do_nothing,3.547,go_long,1,3.485,0,3.482,3.596639999999931,3.562451519669371
76,SXP/USDT:USDT,2023-12-08 12:45:00+00:00,first_buy,stop_loss,0.4137,0.423,0.40911770034640055,0.4067817313185772,0.4118,0,0.4176,5420023.5,1,False,0.4114800000000024,0.4099857142856749,0.40570399999999124,-30.87772589,-0.5028389887005296,0,go_long,do_nothing,go_long,go_long,go_long,go_long,1,0.26332037633746724,go_long,0.2590800000000001,0.25932857142853233,go_long,go_long,1666517.5,0.2599,False,go_long,do_nothing,0.2584,go_long,1,0.2575,1,0.256,0.26315199999999456,0.26050049011874943
113,MKR/USDT:USDT,2024-03-17 20:30:00+00:00,first_buy,stop_loss,3250.9,3260.6,3206.905193850993,3186.0583205818184,3230.1,0,3255.1,891.622,0,False,3229.4400000000005,3216.657142857127,3184.988,-26.16654922,-0.4461444913996295,0,go_long,go_long,go_long,go_long,go_long,go_long,1,2169.7483790261435,go_long,2127.1000000000117,2141.5999999999844,go_long,go_long,1994.09,2122.6,False,go_long,go_long,2103.9,go_long,1,2060.4,0,2036.5,2176.463999999996,2147.3616212102197
110,XRP/USDT:USDT,2023-11-08 19:15:00+00:00,first_buy,stop_loss,0.6923,0.6924,0.6892989633054162,0.6881957090997232,0.6876,1,0.6892,23273359.9,1,False,0.6911199999999884,0.6902428571428677,0.6874799999999957,-30.09907042,-0.49014064779252386,0,go_long,go_long,go_long,go_long,go_long,go_long,1,0.5286858709362313,go_long,0.5183399999999885,0.5206428571428754,go_long,go_long,228452159.8,0.52,False,go_long,go_long,0.5198,go_long,1,0.4917,0,0.4686,0.5319039999999952,0.521184262205758
130,COTI/USDT:USDT,2021-05-19 13:00:00+00:00,first_buy,stop_loss,0.2316,0.23897000000000002,0.27063214740162406,0.2954542797038545,0.1578,1,0.18002,14247485.0,0,False,0.251309999999998,0.259501428571428,0.304014800000001,-24.00642437,-0.3912287856351752,1,go_long,go_long,go_long,go_long,go_long,go_long,1,0.1129441646953845,go_long,0.11245999999999816,0.11207857142857106,go_long,go_long,1042951.0,0.11280000000000001,False,go_long,go_long,0.11269000000000001,go_long,0,0.11065000000000001,1,0.11061000000000001,0.11276480000000084,0.11214280876156414
75,SXP/USDT:USDT,2023-06-10 04:15:00+00:00,first_buy,stop_loss,0.365,0.3674,0.3707138857716799,0.37738388226593717,0.364,1,0.36660000000000004,1978733.5,0,False,0.36624000000000156,0.36588571428567374,0.38001599999999036,-24.66003867,-0.40167173687179,0,go_long,do_nothing,go_long,go_long,go_long,go_long,1,0.2781792629717801,go_long,0.275420000000001,0.2763857142856745,go_long,go_long,1696252.0,0.2751,False,go_long,do_nothing,0.2732,go_long,1,0.2731,0,0.2725,0.27794399999999103,0.2767120945205733
0,LINK/USDT:USDT,2021-03-03 00:15:00+00:00,first_buy,stop_loss,28.511,28.535,28.307054979298524,28.24303418803418,28.16,0,28.38,267996.02,0,False,28.432800000000004,28.400142857142857,28.18911999999999,-35.28751783,-0.5750702366761211,0,go_long,go_long,go_long,go_long,go_long,go_long,1,19.90644611047499,go_long,18.395800000000094,18.797285714285607,go_long,go_long,1459453.66,18.231,False,go_long,go_long,17.504,go_long,1,17.417,0,17.282,19.84547999999994,18.947255142002344
73,SXP/USDT:USDT,2022-05-29 02:00:00+00:00,first_buy,stop_loss,0.4611,0.4622,0.46529487269210545,0.46628915612128713,0.4581,1,0.4606,321725.4,0,False,0.4639400000000009,0.464999999999956,0.46692399999999096,-25.07596808,-0.40862190274856536,1,go_long,do_nothing,go_long,go_long,go_long,go_long,1,0.30030206329483594,go_long,0.29704000000000147,0.30042857142853135,go_long,go_long,5257351.0,0.295,False,go_long,do_nothing,0.2924,go_long,0,0.2858,0,0.2805,0.30019599999998886,0.2989356042016961
147,NEAR/USDT:USDT,2024-07-15 22:30:00+00:00,first_buy,stop_loss,5.868,5.894,5.787733686807889,5.720735193751055,5.848,0,5.883,423328.0,0,False,5.838999999999815,5.821571428571468,5.69375999999998,-23.40333933,-0.39741559358540496,0,go_long,go_long,go_long,go_long,go_long,go_long,1,4.148433163195586,go_long,4.077999999999834,4.097285714285747,go_long,go_long,2740721.0,4.089,False,go_long,go_long,4.043,go_long,1,3.976,0,3.926,4.17251999999997,4.113114576190365
37,DYDX/USDT:USDT,2022-05-28 19:15:00+00:00,first_buy,stop_loss,1.721,1.726,1.7197690895633975,1.7143712865871645,1.714,1,1.721,217404.7,1,False,1.723399999999998,1.7182857142858392,1.7189999999999344,-23.89753407,-0.3894357946989783,0,go_long,go_long,go_long,go_long,go_long,go_long,0,1.129452408639489,go_long,1.0811999999999995,1.0827142857144085,go_long,go_long,2415656.3,1.079,False,go_long,go_long,1.079,go_long,1,1.055,1,1.05,1.1296399999999376,1.0957187316004777
35,DYDX/USDT:USDT,2022-05-03 20:15:00+00:00,first_buy,stop_loss,3.3689999999999998,3.379,3.4322706441144364,3.478312358954454,3.357,0,3.364,241738.7,0,False,3.3669999999999964,3.3967142857144155,3.5058399999999366,-24.1333353,-0.3938991231979243,1,go_long,go_long,go_long,go_long,go_long,go_long,1,2.3376031551732264,go_long,2.1976000000000075,2.213714285714416,go_long,go_long,2336337.9,2.254,False,go_long,go_long,2.235,go_long,1,2.201,0,2.176,2.3153999999999364,2.2521692863531633
33,DYDX/USDT:USDT,2022-01-21 21:45:00+00:00,first_buy,stop_loss,8.394,8.456,8.359966088714094,8.330490117661267,8.067,1,8.213,3139963.4,1,False,8.397399999999989,8.340571428571526,8.435319999999948,-23.61311914,-0.3881848845195168,0,go_long,go_long,go_long,go_long,go_long,go_long,1,5.297254628821389,go_long,5.2386,5.229142857142967,go_long,go_long,753823.5,5.32,False,go_long,go_long,5.308,go_long,0,5.102,1,5.08,5.284719999999948,5.239035072421937
31,LDO/USDT:USDT,2024-07-05 00:45:00+00:00,first_buy,stop_loss,1.5774,1.5916000000000001,1.6185935572533738,1.6493221786386547,1.5121,1,1.5383,6971375.0,1,False,1.5844800000000294,1.6025571428571683,1.6620040000000043,-24.14486062,-0.4021329712266994,1,go_long,go_long,go_long,go_long,go_long,go_long,1,1.077258776754003,go_long,1.0267800000000278,1.0299857142857343,go_long,go_long,2361853.0,1.0256,False,go_long,go_long,1.0196,go_long,1,1.012,1,1.0026,1.0696240000000063,1.038243178142387
30,LDO/USDT:USDT,2024-05-25 03:45:00+00:00,first_buy,stop_loss,2.5662000000000003,2.5977,2.4477970116626673,2.4052823143879634,2.5533,0,2.5579,4105225.0,0,False,2.493360000000019,2.470271428571452,2.384720000000005,-23.92415883,-0.4062479678715484,0,go_long,go_long,go_long,go_long,go_long,go_long,1,1.6582039529297472,go_long,1.6032400000000293,1.6195000000000255,go_long,go_long,2241411.0,1.5988,False,go_long,go_long,1.5711,go_long,1,1.5775000000000001,0,1.5706,1.6669040000000044,1.6331923858448962
29,LDO/USDT:USDT,2023-12-28 19:30:00+00:00,first_buy,stop_loss,3.0017,3.0075,2.9504759097464963,2.9199319433144306,2.9676,0,2.9994,1217087.0,0,False,2.975619999999995,2.954885714285722,2.917536000000017,-29.96740427,-0.4990575915715944,0,go_long,go_long,go_long,go_long,go_long,go_long,1,1.970843267790891,go_long,1.9269800000000168,1.9276428571428763,go_long,go_long,475426.0,1.9318,False,go_long,go_long,1.9159000000000002,go_long,1,1.8939,0,1.8916,1.9765800000000078,1.9373128110851405
28,LDO/USDT:USDT,2023-02-22 00:30:00+00:00,first_buy,stop_loss,2.8026,2.8034,2.778846535387711,2.7732515345847175,2.7739000000000003,1,2.7761,448483.0,1,False,2.7855599999999967,2.784499999999997,2.773964000000002,-24.72359266,-0.4043351542801491,0,go_long,go_long,go_long,go_long,go_long,go_long,1,1.8186073552372215,go_long,1.7941999999999712,1.8044571428571434,go_long,go_long,2710756.0,1.8099,False,go_long,go_long,1.7986,go_long,1,1.7173,0,1.7063000000000001,1.8221640000000037,1.805858917464111
27,LDO/USDT:USDT,2022-09-23 03:15:00+00:00,first_buy,stop_loss,1.7930000000000001,1.8090000000000002,1.7986608590522863,1.7977943006378887,1.7930000000000001,0,1.807,78653.0,0,False,1.798400000000002,1.7990000000000006,1.7957599999999994,-23.50723894,-0.39381789983087967,0,go_long,go_long,go_long,go_long,go_long,go_long,1,1.2055916102236073,go_long,1.143999999999992,1.1534285714285726,go_long,go_long,247632.0,1.138,False,go_long,go_long,1.135,go_long,1,1.116,0,1.111,1.209519999999999,1.16994046607652
25,INJ/USDT:USDT,2024-04-12 18:45:00+00:00,first_buy,stop_loss,28.185,28.223,28.84492848921704,29.915695716494344,22.0,1,24.869,2193353.2,0,False,27.870600000000245,28.288999999999685,30.24196,-24.6187092,-0.4121771358719312,1,go_long,go_long,go_long,go_long,do_nothing,do_nothing,1,17.756075737423135,go_long,17.423200000000318,17.523714285714135,do_nothing,do_nothing,302539.4,17.458,False,go_long,go_long,17.287,go_long,1,17.012,0,16.8,17.9290800000001,17.618800358618554
24,INJ/USDT:USDT,2023-12-18 22:30:00+00:00,first_buy,stop_loss,35.32,37.791,34.1938610196241,33.443683961704664,35.055,0,36.264,1281233.9,1,False,34.93520000000011,34.44200000000004,33.37023999999996,-29.56932055,-0.5091801478465824,0,go_long,go_long,go_long,go_long,do_nothing,do_nothing,1,30.31943137381389,go_long,28.418000000000244,29.16285714285683,do_nothing,do_nothing,216997.0,28.882,False,go_long,go_long,28.859,go_long,1,28.184,1,28.012,30.509159999999998,29.56782457816559
23,INJ/USDT:USDT,2022-10-29 16:45:00+00:00,first_buy,stop_loss,2.295,2.296,2.2125941711676607,2.183995042910819,2.253,0,2.293,1450326.2,0,False,2.229000000000005,2.2131428571428597,2.188000000000002,-24.10035922,-0.3934264586979453,0,go_long,go_long,go_long,go_long,do_nothing,do_nothing,1,1.5432420323557887,go_long,1.479400000000012,1.491142857142869,do_nothing,do_nothing,579424.8,1.472,False,go_long,go_long,1.469,go_long,1,1.448,0,1.432,1.5390800000000093,1.4970008366780172
21,OGN/USDT:USDT,2024-07-16 18:00:00+00:00,first_buy,stop_loss,0.1014,0.1015,0.1000475029978274,0.09893039147010042,0.101,1,0.10110000000000001,492039.0,1,False,0.10102000000001099,0.10062857142857078,0.09842800000000076,-24.42427606,-0.3982573895697849,0,go_long,go_long,go_long,go_long,go_long,go_long,1,0.06694786480898617,go_long,0.06486000000001083,0.06494285714285668,go_long,go_long,3792624.0,0.065,False,go_long,go_long,0.06470000000000001,go_long,1,0.064,1,0.0634,0.06656400000000043,0.06523981546762557
20,OGN/USDT:USDT,2024-06-14 16:15:00+00:00,first_buy,stop_loss,0.12190000000000001,0.1221,0.12224190513150678,0.12323569219344935,0.1148,1,0.1174,7020600.0,0,False,0.1214000000000111,0.1218285714285707,0.12372000000000043,-24.43910542,-0.39797109158211985,1,go_long,go_long,go_long,go_long,go_long,go_long,0,0.08165514105135423,go_long,0.07736000000001098,0.07742857142857074,go_long,go_long,5370271.0,0.0782,False,go_long,go_long,0.0766,go_long,1,0.0766,0,0.07640000000000001,0.0828040000000006,0.07887245718367626
19,OGN/USDT:USDT,2024-05-25 01:00:00+00:00,first_buy,stop_loss,0.18430000000000002,0.191,0.17733039362683659,0.17199856465812352,0.1819,0,0.1903,45551450.0,0,False,0.18206000000001057,0.17935714285714185,0.17077999999999968,-24.50560169,-0.39951825932624474,0,go_long,go_long,go_long,go_long,go_long,go_long,1,0.12370254756892529,go_long,0.1225600000000111,0.12259999999999927,go_long,go_long,684000.0,0.1222,False,go_long,go_long,0.1221,go_long,1,0.1218,0,0.1211,0.12400000000000043,0.12312225151905347
18,OGN/USDT:USDT,2024-03-01 21:30:00+00:00,first_buy,stop_loss,0.21630000000000002,0.217,0.20923248694051688,0.2072446136793128,0.21180000000000002,0,0.2122,3829924.0,1,False,0.21140000000000994,0.20984285714285722,0.20657599999999987,-27.7677927,-0.4525522929765232,0,go_long,go_long,go_long,go_long,go_long,go_long,1,0.16346383519437335,go_long,0.15622000000001038,0.15758571428571375,go_long,go_long,32736810.0,0.1567,False,go_long,go_long,0.15660000000000002,go_long,1,0.1433,0,0.1336,0.16553599999999963,0.15864984548270808
17,OGN/USDT:USDT,2023-07-29 17:45:00+00:00,first_buy,stop_loss,0.1111,0.1119,0.11115501096611996,0.11139260571883215,0.1111,0,0.1114,15598081.0,0,False,0.11120000000001093,0.11101428571428672,0.11179600000000008,-24.03973611,-0.3916138669320895,0,go_long,go_long,go_long,go_long,go_long,go_long,1,0.08283031678402956,go_long,0.08224000000001046,0.08252857142857255,go_long,go_long,4973126.0,0.0821,False,go_long,go_long,0.0816,go_long,1,0.0816,0,0.0813,0.08265600000000005,0.0825162526239913
16,OGN/USDT:USDT,2023-02-18 17:00:00+00:00,first_buy,stop_loss,0.1479,0.1487,0.1478891037104076,0.14785536175585065,0.14780000000000001,1,0.1482,850446.0,0,False,0.14820000000001202,0.14814285714285783,0.1475639999999987,-25.36785282,-0.41332743429153024,0,go_long,go_long,go_long,go_long,go_long,go_long,1,0.09728571764666684,go_long,0.09588000000001137,0.09627142857142908,go_long,go_long,3687724.0,0.096,False,go_long,go_long,0.0955,go_long,1,0.09390000000000001,1,0.09390000000000001,0.09764399999999904,0.09652612304395539
15,OGN/USDT:USDT,2022-08-30 16:45:00+00:00,first_buy,stop_loss,0.1685,0.1685,0.16886851825901958,0.17075745873439485,0.1652,1,0.16540000000000002,2260214.0,1,False,0.167880000000013,0.16781428571428708,0.1714919999999985,-25.07709007,-0.4093604044571396,0,go_long,go_long,go_long,go_long,go_long,go_long,1,0.10741211064456645,go_long,0.10428000000001265,0.10507142857142962,go_long,go_long,3342878.0,0.1046,False,go_long,go_long,0.1046,go_long,1,0.1015,0,0.10060000000000001,0.10759999999999893,0.10523355309280082
14,OGN/USDT:USDT,2022-06-09 09:30:00+00:00,first_buy,stop_loss,0.27690000000000003,0.28140000000000004,0.2757550721740487,0.2735109490258534,0.2766,0,0.27990000000000004,4011649.0,0,False,0.2763000000000123,0.276357142857144,0.2731959999999981,-16.81987599,-0.27402271554277424,0,go_long,go_long,go_long,go_long,go_long,go_long,1,0.1986055651532139,go_long,0.196900000000013,0.19690000000000135,go_long,go_long,2214024.0,0.1978,False,go_long,go_long,0.19770000000000001,go_long,0,0.1961,1,0.196,0.19619999999999851,0.19675700911202662
12,OGN/USDT:USDT,2022-05-11 12:30:00+00:00,first_buy,stop_loss,0.25270000000000004,0.2541,0.26004854475751477,0.2661896713455599,0.2464,1,0.24930000000000002,8673038.0,0,False,0.25400000000001294,0.2571000000000019,0.2644239999999981,-24.11076893,-0.3927530785019558,1,go_long,go_long,go_long,go_long,go_long,go_long,1,0.17915749665848285,go_long,0.16664000000001292,0.1678000000000019,go_long,go_long,8473345.0,0.1668,False,go_long,go_long,0.16540000000000002,go_long,1,0.1547,0,0.1542,0.18127199999999813,0.1698235630930774
11,OGN/USDT:USDT,2022-05-01 23:00:00+00:00,first_buy,stop_loss,0.449,0.4505,0.4485997608673704,0.4490572531552008,0.4474,0,0.4481,1165965.0,1,False,0.44968000000001335,0.44900000000000206,0.4498479999999979,-24.11869503,-0.3953719697147832,0,go_long,go_long,go_long,go_long,go_long,go_long,1,0.29675502006387383,go_long,0.28634000000001314,0.2889714285714303,go_long,go_long,5096271.0,0.2862,False,go_long,go_long,0.28340000000000004,go_long,1,0.2787,0,0.2777,0.2948479999999981,0.29033052263568193
10,OGN/USDT:USDT,2021-05-19 13:00:00+00:00,first_buy,stop_loss,0.7010000000000001,0.7269,0.7993601366215842,0.8860930360415475,0.4071,1,0.44260000000000005,4438658.0,0,False,0.7323200000000026,0.7654000000000077,0.9151480000000056,-37.62400327,-0.6146422234074744,1,go_long,go_long,go_long,go_long,go_long,go_long,1,0.2807313339803873,go_long,0.2730400000000137,0.27494285714286243,go_long,go_long,996791.0,0.27,False,go_long,go_long,0.26940000000000003,go_long,1,0.2646,0,0.2639,0.28102799999999634,0.2755721607825934
9,OGN/USDT:USDT,2021-05-19 12:45:00+00:00,first_buy,stop_loss,0.8286,0.8286,0.8642256160073268,0.9215724789248714,0.6967,1,0.7010000000000001,1476984.0,1,False,0.8126000000000027,0.8349571428571506,0.9366600000000056,-24.0578142,-0.39408038466526335,1,go_long,go_long,go_long,go_long,go_long,go_long,1,0.9215724789248714,go_long,0.8126000000000027,0.8349571428571506,go_long,go_long,1476984.0,0.8286,False,go_long,go_long,0.8286,go_long,1,0.7010000000000001,1,0.6967,0.9366600000000056,0.8642256160073268
8,OGN/USDT:USDT,2021-05-13 00:15:00+00:00,first_buy,stop_loss,1.2086000000000001,1.2195,1.323416661064225,1.374950213044322,1.1034,1,1.2036,1942774.0,0,False,1.283540000000004,1.3069285714285763,1.3829800000000079,-24.29408998,-0.3963014878943475,1,go_long,go_long,go_long,go_long,go_long,go_long,1,0.9392182772388611,go_long,0.8428400000000027,0.8693714285714363,go_long,go_long,972551.0,0.8506,False,go_long,go_long,0.8494,go_long,1,0.8290000000000001,0,0.8178000000000001,0.9486760000000056,0.8939030007359318
7,OGN/USDT:USDT,2021-04-01 13:45:00+00:00,first_buy,stop_loss,1.8522,1.8755000000000002,1.8596970168825513,1.8608588319088324,1.8522,0,1.8652000000000002,98652.0,0,False,1.8669600000000002,1.866928571428572,1.8593000000000006,-30.19803492,-0.5054124512971616,0,go_long,go_long,go_long,go_long,go_long,go_long,1,1.3886582300878678,go_long,1.318460000000004,1.3290714285714333,go_long,go_long,1495423.0,1.3282,False,go_long,go_long,1.3133,go_long,1,1.2086000000000001,0,1.1687,1.392920000000008,1.3452015085304478
5,LINK/USDT:USDT,2024-04-12 18:45:00+00:00,first_buy,stop_loss,15.722,15.74,16.163965392602044,16.680290641854278,12.736,1,14.461,5352728.91,0,False,15.712800000000291,15.929714285714036,16.831439999999915,-25.6878015,-0.4186767680299778,1,go_long,go_long,go_long,go_long,go_long,go_long,1,9.630120393076313,go_long,9.114400000000161,9.126285714285453,go_long,go_long,1080573.73,9.18,False,go_long,go_long,9.146,go_long,1,8.943,1,8.921,9.635959999999908,9.260476144562757
4,LINK/USDT:USDT,2024-03-02 05:45:00+00:00,first_buy,stop_loss,21.284,21.388,20.822230001465048,20.55382794733316,21.168,0,21.249,577021.32,0,False,21.017600000000293,20.92928571428541,20.482599999999987,-26.40369412,-0.4310830535943499,0,go_long,go_long,go_long,go_long,go_long,go_long,1,16.85783389320262,go_long,16.017600000000293,16.290285714285464,go_long,go_long,1939276.24,16.112,False,go_long,go_long,16.104,go_long,1,15.718,1,15.6,16.956399999999913,16.473595463984235
2,LINK/USDT:USDT,2022-05-02 11:00:00+00:00,first_buy,stop_loss,11.032,11.041,11.106933028582935,11.16728620789453,10.991,0,11.014,95439.79,0,False,11.034000000000177,11.068714285714156,11.207120000000042,-24.21212478,-0.3949476489410588,1,go_long,go_long,go_long,go_long,go_long,go_long,0,7.352895772557696,go_long,6.95680000000019,7.007571428571302,go_long,go_long,722598.88,7.055,False,go_long,go_long,6.905,go_long,1,7.018,0,6.828,7.381920000000045,7.115196537234464
39,DYDX/USDT:USDT,2023-02-01 19:45:00+00:00,first_buy,stop_loss,3.114,3.347,3.1191194998159513,3.0886836312132067,3.028,0,3.3,21959003.2,0,False,3.147599999999975,3.123142857143001,3.0811999999999387,-24.66821362,-0.40378444000147545,0,go_long,go_long,go_long,go_long,go_long,go_long,1,2.074373116078965,go_long,2.0391999999999824,2.035857142857288,go_long,go_long,2735805.1,2.046,False,go_long,go_long,2.044,go_long,0,2.01,1,2.008,2.073399999999944,2.044597534496989
40,DYDX/USDT:USDT,2023-03-17 21:45:00+00:00,first_buy,stop_loss,2.473,2.525,2.461071857916404,2.4511422069778273,2.469,0,2.515,1200220.3,0,False,2.468399999999984,2.466285714285852,2.434359999999948,-25.42476362,-0.41560291347788586,0,go_long,go_long,go_long,go_long,go_long,go_long,1,1.8975850197084063,go_long,1.8310000000000037,1.837142857142996,go_long,go_long,1751691.4,1.831,False,go_long,go_long,1.8170000000000002,go_long,1,1.83,0,1.799,1.9117599999999444,1.8625478284166166
38,DYDX/USDT:USDT,2022-07-16 16:00:00+00:00,first_buy,stop_loss,2.159,2.208,2.097196248660789,2.059034683324116,2.148,0,2.176,4906525.5,1,False,2.127799999999998,2.110714285714411,2.045559999999939,-23.5836165,-0.3851337493654372,0,go_long,go_long,go_long,go_long,go_long,go_long,1,1.368300094399472,go_long,1.3523999999999778,1.353142857142989,go_long,go_long,480095.9,1.3599999999999999,False,go_long,go_long,1.359,go_long,1,1.349,0,1.348,1.3723199999999425,1.3616927360954771
57,TRB/USDT:USDT,2024-11-10 12:00:00+00:00,first_buy,stop_loss,98.937,106.94,90.74854009820727,80.36801190972848,98.13,1,105.121,855059.5,0,False,97.50760000000317,96.51028571428662,76.2595199999996,-20.91337421,-0.39742969674659456,0,go_long,go_long,go_long,go_long,go_long,go_long,1,65.81161244661709,go_long,64.94820000000315,64.97828571428663,go_long,go_long,16405.3,65.155,False,go_long,go_long,65.07,go_long,1,64.301,0,64.3,65.87915999999956,65.33627109237297
71,SXP/USDT:USDT,2022-05-09 23:45:00+00:00,first_buy,stop_loss,0.7112,0.7173,0.7236553115520825,0.7354883034468289,0.6966,1,0.6990000000000001,1075945.5,0,False,0.7159800000000001,0.7207999999999559,0.7322039999999914,-24.21443331,-0.3945493540878192,1,go_long,do_nothing,go_long,go_long,go_long,go_long,1,0.4917790528451411,go_long,0.4506,0.45398571428567003,go_long,go_long,2018520.0,0.45030000000000003,False,go_long,do_nothing,0.4499,go_long,1,0.4425,0,0.438,0.49141199999999136,0.4655588486367188
69,SXP/USDT:USDT,2021-03-03 00:15:00+00:00,first_buy,stop_loss,2.2342,2.2357,2.2064320786937848,2.1854286324786325,2.2031,0,2.2192,415795.8,0,False,2.2254999999999994,2.2188142857142847,2.1825639999999997,-45.07470097,-0.7349143376860768,0,go_long,do_nothing,go_long,go_long,go_long,go_long,1,3.105717434161856,go_long,2.7050200000000197,2.758528571428556,go_long,go_long,12415788.9,2.5406,False,go_long,do_nothing,2.4131,go_long,1,2.198,0,1.63,3.1888280000000035,2.877279826166094
67,COMP/USDT:USDT,2024-02-27 03:00:00+00:00,first_buy,stop_loss,79.01,79.5,76.85511201126997,76.2236578616594,77.47,0,78.98,38053.83,0,False,77.31600000000017,77.01571428571295,76.1075999999989,-26.33703301,-0.429347473197317,0,go_long,go_long,go_long,go_long,go_long,go_long,1,54.61631079700202,go_long,53.530000000000314,53.448571428569366,go_long,go_long,7167.914,53.72,False,go_long,go_long,53.31,go_long,0,52.91,0,52.9,54.88399999999878,53.721255019981726
66,COMP/USDT:USDT,2023-07-03 18:00:00+00:00,first_buy,stop_loss,64.38,64.9,64.05380468152975,63.69530532454563,64.19,1,64.81,53755.585,0,False,64.54200000000006,64.35285714285574,63.16879999999871,-18.16830243,-0.29599209320789915,0,go_long,go_long,go_long,go_long,go_long,go_long,1,46.29030502746179,go_long,46.23199999999975,46.37428571428455,go_long,go_long,31212.395,46.22,False,go_long,go_long,45.96,go_long,0,45.97,0,45.81,46.16119999999881,46.31738548868848
65,COMP/USDT:USDT,2023-01-25 14:15:00+00:00,first_buy,stop_loss,49.67,50.05,49.77431095343921,49.56626695071454,49.61,1,49.87,9115.467,0,False,49.97200000000025,49.98428571428443,49.503199999999005,-26.12568582,-0.4255751263499789,0,go_long,go_long,go_long,go_long,go_long,go_long,1,31.5016184156299,go_long,30.912000000000024,30.93428571428419,go_long,go_long,5642.76,30.92,False,go_long,go_long,30.78,go_long,1,30.83,0,30.71,31.64199999999878,31.158808595412253
64,COMP/USDT:USDT,2022-10-29 16:45:00+00:00,first_buy,stop_loss,52.16,52.29,51.405650687480126,51.38673127538825,51.81,0,52.04,10606.557,0,False,51.546000000000106,51.371428571427764,51.28319999999904,-24.42674667,-0.3980603976710211,0,go_long,go_long,go_long,go_long,go_long,go_long,1,32.745070717661655,go_long,32.275999999999975,32.344285714284624,go_long,go_long,8740.907,32.2,False,go_long,go_long,32.18,go_long,1,31.84,0,31.81,32.72919999999907,32.40879841706319
63,COMP/USDT:USDT,2022-05-29 01:45:00+00:00,first_buy,stop_loss,56.22,56.42,56.548792759754825,56.68689697771239,55.72,1,56.09,11696.727,0,False,56.38600000000067,56.541428571428256,56.70479999999885,-24.33027527,-0.39624616038353894,1,go_long,go_long,go_long,go_long,go_long,go_long,1,37.243774046432364,go_long,35.57400000000045,35.80142857142824,go_long,go_long,27489.806,35.62,False,go_long,go_long,35.61,go_long,1,34.4,1,34.34,37.16519999999892,36.17510479384746
61,COMP/USDT:USDT,2022-05-01 23:00:00+00:00,first_buy,stop_loss,104.43,104.69,104.45893436400212,104.42601044379684,104.04,1,104.34,3338.645,1,False,104.59800000000101,104.5499999999997,104.7427999999989,-24.24103965,-0.3953544302757286,0,go_long,go_long,go_long,go_long,go_long,go_long,1,69.53121555281025,go_long,66.26800000000074,67.17857142857103,go_long,go_long,20404.142,66.28,False,go_long,go_long,65.54,go_long,1,64.34,0,63.91,69.28239999999883,67.90495688622681
60,COMP/USDT:USDT,2021-05-23 12:45:00+00:00,first_buy,stop_loss,317.79,323.84,327.46694557985865,338.55329324148147,299.29,1,299.53,5824.85,0,False,323.3140000000006,327.4257142857154,336.84199999999896,-32.42420688,-0.5303209885476579,1,go_long,go_long,go_long,go_long,go_long,go_long,1,189.38340145880676,go_long,186.69600000000176,187.36000000000095,go_long,go_long,7930.251,186.61,False,go_long,go_long,186.56,go_long,1,182.59,1,181.91,189.29439999999883,187.8156187321798
59,COMP/USDT:USDT,2021-03-03 00:15:00+00:00,first_buy,stop_loss,499.2,499.2,493.9883748711049,495.39388888888897,491.4,0,494.88,1196.279,1,False,497.14,495.44714285714286,493.18160000000006,-30.62510178,-0.5019794383273548,0,go_long,go_long,go_long,go_long,go_long,go_long,1,341.6751567008,go_long,331.27200000000056,332.50285714285826,go_long,go_long,2263.726,331.61,False,go_long,go_long,329.06,go_long,1,317.67,0,316.45,339.448799999999,332.546390230742
56,TRB/USDT:USDT,2024-07-05 00:45:00+00:00,first_buy,stop_loss,79.121,79.886,81.24299604780666,82.84940101316899,74.802,1,75.864,131500.0,0,False,79.6412000000033,80.48628571428709,83.47447999999973,-24.15099232,-0.39754530355358175,1,go_long,go_long,go_long,go_long,go_long,go_long,1,56.36787372730523,go_long,54.94560000000322,55.31385714285841,go_long,go_long,119662.2,55.172,False,go_long,go_long,54.493,go_long,1,53.381,0,52.348,56.50579999999961,55.57577818880211
55,TRB/USDT:USDT,2024-05-08 08:30:00+00:00,first_buy,stop_loss,121.333,124.362,117.66000433950042,115.83565998984382,120.2,0,123.332,490423.2,0,False,118.85960000000239,118.27600000000142,115.59611999999974,-19.88405647,-0.40257203176369344,0,go_long,go_long,go_long,go_long,go_long,go_long,1,83.40823309422251,go_long,80.9046000000033,81.57071428571567,go_long,go_long,25780.8,80.177,False,go_long,go_long,79.105,go_long,1,79.126,0,79.044,83.82599999999974,82.22099532922604
54,TRB/USDT:USDT,2024-03-05 20:00:00+00:00,first_buy,stop_loss,109.936,110.373,110.57296276307305,113.35639508061797,77.343,1,94.109,376342.8,0,False,108.59160000000165,110.38857142857289,114.0411599999997,-23.7650796,-0.4207219256023084,1,go_long,go_long,go_long,go_long,go_long,go_long,1,62.61373650146978,go_long,60.23280000000223,60.981428571429824,go_long,go_long,116308.1,59.866,False,go_long,go_long,59.247,go_long,1,58.221,0,57.717,63.02831999999975,61.489387828435454
53,TRB/USDT:USDT,2024-01-03 12:15:00+00:00,first_buy,stop_loss,168.649,168.74,165.59805319785573,170.05884537868963,109.5,1,132.933,703449.7,0,False,162.27440000000144,164.96457142857284,171.5804399999997,-21.93900675,-0.4117895998109812,1,go_long,go_long,go_long,go_long,go_long,go_long,1,114.89618668706741,go_long,112.75180000000164,113.41628571428717,go_long,go_long,81998.2,112.645,False,go_long,go_long,112.501,go_long,1,109.927,0,107.985,114.99899999999971,113.56641053817724
74,SXP/USDT:USDT,2023-04-10 17:00:00+00:00,first_buy,stop_loss,0.6115,0.63,0.6162636647189739,0.6164350150013073,0.6115,0,0.6279,9941388.9,0,False,0.614840000000002,0.61522857142853,0.6182319999999897,-21.23615791,-0.3461245524275766,1,go_long,do_nothing,go_long,go_long,go_long,go_long,1,0.3919776661572172,go_long,0.38882000000000094,0.39017142857138737,go_long,go_long,1072147.7,0.3886,False,go_long,do_nothing,0.3871,go_long,1,0.38670000000000004,0,0.3865,0.3920359999999901,0.3904891592969483
51,TRB/USDT:USDT,2023-12-31 22:45:00+00:00,first_buy,stop_loss,361.637,370.64,402.7601094795589,393.0828864018049,226.0,1,228.344,1150173.9,0,False,395.0414000000013,415.3570000000016,407.31231999999983,-18.027014,-0.3942098729747744,0,go_long,go_long,go_long,go_long,go_long,go_long,0,219.37226887638502,go_long,160.2654000000013,160.1791428571445,go_long,go_long,404580.6,163.798,False,go_long,go_long,159.225,go_long,0,154.99,0,151.201,212.2977599999997,176.36922500151326
50,TRB/USDT:USDT,2023-12-31 18:15:00+00:00,first_buy,stop_loss,365.531,382.516,326.7831270905337,302.39767637263816,345.0,0,381.156,425445.6,0,False,354.47960000000126,342.7302857142872,287.38083999999975,-15.0387439,-0.3942126536594757,0,go_long,go_long,go_long,go_long,go_long,go_long,1,406.2619973139493,go_long,443.0124000000013,441.8261428571445,go_long,go_long,484680.7,420.282,False,go_long,go_long,418.391,go_long,0,361.631,0,346.073,409.59787999999986,434.4721293849332
49,TRB/USDT:USDT,2023-11-09 15:45:00+00:00,first_buy,stop_loss,137.451,138.724,138.61605556397492,139.3935013857097,133.65,1,133.991,246552.4,0,False,137.8268000000012,138.5452857142868,139.82155999999995,-20.43961946,-0.38099219065544154,1,go_long,go_long,go_long,go_long,go_long,go_long,1,84.60229761408371,go_long,83.4572000000012,83.69985714285836,go_long,go_long,30225.5,83.844,False,go_long,go_long,83.699,go_long,1,82.907,0,82.789,84.60891999999994,83.97574769273587
48,TRB/USDT:USDT,2023-03-08 21:45:00+00:00,first_buy,stop_loss,14.44,14.45,14.348887356941972,14.384377518413809,14.34,1,14.35,5608.7,0,False,14.3920000000003,14.344285714286245,14.392000000000124,-25.20652179,-0.4181002266313085,0,go_long,go_long,go_long,go_long,go_long,go_long,1,10.220706165897463,go_long,9.928000000000365,9.960000000000536,go_long,go_long,24556.7,9.92,False,go_long,go_long,9.86,go_long,1,9.87,0,9.84,10.284000000000091,10.057892078768539
47,TRB/USDT:USDT,2022-10-29 16:30:00+00:00,first_buy,stop_loss,16.41,16.53,16.41675948453614,16.295481699962863,16.36,0,16.53,33913.9,0,False,16.448000000000206,16.450000000000507,16.280000000000072,-24.2718626,-0.39645550244461314,0,go_long,go_long,go_long,go_long,go_long,go_long,1,11.335651775844262,go_long,10.844000000000253,10.978571428571959,go_long,go_long,87690.0,10.68,False,go_long,go_long,10.62,go_long,1,10.33,0,10.28,11.444000000000074,11.069197503006688
41,DYDX/USDT:USDT,2023-11-19 20:00:00+00:00,first_buy,stop_loss,3.314,3.36,3.286042320781009,3.2746527489996886,3.311,0,3.3529999999999998,994595.1,0,False,3.3006,3.2934285714287106,3.2622399999999483,-30.47937774,-0.4988127807241609,0,go_long,go_long,go_long,go_long,go_long,go_long,1,2.7929194244022026,go_long,2.608200000000018,2.674142857142988,go_long,go_long,1111615.8,2.62,False,go_long,go_long,2.62,go_long,1,2.576,0,2.55,2.8159599999999587,2.7127603529886475
46,TRB/USDT:USDT,2022-08-10 17:00:00+00:00,first_buy,stop_loss,37.38,37.5,37.699520910929685,37.763361254646796,36.9,1,37.17,129443.1,0,False,37.47600000000027,37.63285714285724,37.8184000000002,-24.00731612,-0.4032709979017485,1,go_long,go_long,go_long,go_long,go_long,go_long,1,30.29778334649787,go_long,27.138000000000243,27.961428571429003,go_long,go_long,2958334.4,26.77,False,go_long,go_long,26.71,go_long,1,22.97,0,22.77,30.531600000000097,28.433393105745953
42,DYDX/USDT:USDT,2024-04-12 18:45:00+00:00,first_buy,stop_loss,2.576,2.578,2.629412606375009,2.7468513188909283,1.986,1,2.171,17119371.4,0,False,2.5176000000000176,2.578428571428702,2.7853199999999587,-25.22806545,-0.4116621517588814,1,go_long,go_long,go_long,go_long,go_long,go_long,1,1.419981038965244,go_long,1.395000000000018,1.4030000000001301,go_long,go_long,4198347.4,1.391,False,go_long,go_long,1.3900000000000001,go_long,1,1.3599999999999999,0,1.329,1.426239999999956,1.4066457245561241
52,TRB/USDT:USDT,2024-01-01 05:45:00+00:00,first_buy,stop_loss,214.964,235.016,176.7923084320218,199.72949535368488,190.0,0,197.208,952045.8,0,False,181.26940000000133,167.96528571428738,177.65067999999965,-23.3471805,-0.3942084707571142,0,go_long,go_long,go_long,go_long,go_long,go_long,1,173.0289130089848,go_long,170.0218000000014,170.67314285714428,go_long,go_long,106094.5,170.776,False,go_long,go_long,170.775,go_long,1,168.639,0,165.3,173.30963999999972,171.53715377928404
45,TRB/USDT:USDT,2022-05-01 23:00:00+00:00,first_buy,stop_loss,14.88,14.93,14.831026149571855,14.824734057727117,14.83,0,14.85,4653.3,1,False,14.880000000000138,14.851428571428585,14.87640000000017,-23.84150731,-0.3904027278451944,0,go_long,go_long,go_long,go_long,go_long,go_long,1,10.682987330221446,go_long,9.66400000000015,9.715714285714288,go_long,go_long,82933.3,9.85,False,go_long,go_long,9.3,go_long,1,9.43,0,9.24,10.74560000000017,10.005304819523099
44,TRB/USDT:USDT,2021-03-03 00:15:00+00:00,first_buy,stop_loss,35.163,35.164,34.750748980428405,34.52299287749288,34.684,0,35.058,3326.3,0,False,34.9908,34.871,34.49412,-47.55233133,-0.797056835343052,0,go_long,go_long,go_long,go_long,go_long,go_long,1,22.679476846344535,go_long,22.283999999999985,22.2528571428571,go_long,go_long,11385.5,22.59,False,go_long,go_long,22.48,go_long,0,22.17,0,22.14,22.799200000000013,22.442293344146435
1,LINK/USDT:USDT,2021-05-23 13:15:00+00:00,first_buy,trailing_stop_loss,17.417,17.6,18.696600504771215,19.71470936155092,16.338,1,17.318,1794262.68,0,False,17.997200000000092,18.43414285714275,19.649519999999942,-33.97774141,-0.5536807595178331,1,go_long,go_long,go_long,go_long,go_long,go_long,1,11.230254488725635,go_long,11.160600000000176,11.181285714285584,go_long,go_long,102245.69,11.189,False,go_long,go_long,11.165,go_long,1,11.146,0,11.14,11.242440000000043,11.204734580857268
72,SXP/USDT:USDT,2022-05-13 06:45:00+00:00,first_buy,trailing_stop_loss,0.4566,0.46290000000000003,0.44952033816304326,0.4342279799413411,0.4561,1,0.4606,845999.4,0,False,0.45892000000000016,0.4573999999999558,0.4307799999999913,0.00801717,0.00013061430608341307,0,go_long,do_nothing,go_long,go_long,go_long,go_long,1,0.4671878316998693,go_long,0.46664000000000094,0.4672285714285275,go_long,go_long,276852.6,0.468,False,go_long,do_nothing,0.4656,go_long,1,0.4646,0,0.4646,0.46738799999999103,0.4670482106195522
3,LINK/USDT:USDT,2022-05-11 21:15:00+00:00,first_buy,trailing_stop_loss,6.693,6.929,7.011412905357219,7.266526553976077,6.677,1,6.797,1035259.89,0,False,6.86580000000019,6.896428571428445,7.270840000000045,-3.18806471,-0.05194040751143433,1,go_long,go_long,go_long,go_long,go_long,go_long,1,6.493570467590831,go_long,6.546600000000202,6.542285714285606,go_long,go_long,0.0,6.55,False,go_long,go_long,6.55,go_long,0,6.55,1,6.55,6.495440000000054,6.5256388948617605
70,SXP/USDT:USDT,2021-05-19 13:15:00+00:00,first_buy,trailing_stop_loss,2.1997,2.4,2.603959852909772,2.957197624223941,1.1007,1,1.1007,6082677.0,0,False,2.3218800000000193,2.5050142857142705,3.0981600000000036,-24.76597969,-0.4035499272055934,1,go_long,do_nothing,go_long,go_long,go_long,go_long,1,0.9878128851260148,go_long,0.9779399999999991,0.9804857142856717,go_long,go_long,223531.4,0.9812000000000001,False,go_long,do_nothing,0.9771000000000001,go_long,1,0.9777,0,0.976,0.9901439999999913,0.9839245907275413
80,BNB/USDT:USDT,2022-05-13 06:45:00+00:00,first_buy,trailing_stop_loss,302.12,304.11,302.98426924980555,296.88490228706445,300.96,1,302.35,16423.2,0,False,304.381999999994,304.78571428571195,298.2331999999978,0.87295271,0.014421707117093258,0,go_long,go_long,go_long,go_long,go_long,go_long,1,306.61700516086285,go_long,305.0959999999932,305.5628571428544,go_long,go_long,25341.81,304.94,False,go_long,go_long,304.82,go_long,1,303.84,0,303.38,307.29759999999794,306.0978986443237
36,DYDX/USDT:USDT,2022-05-11 12:45:00+00:00,first_buy,trailing_stop_loss,2.2,2.2,2.2190663192219073,2.3153362547900245,2.01,1,2.037,5534747.2,0,False,2.1590000000000074,2.182714285714416,2.296439999999936,-8.96876673,-0.1464738748255178,1,go_long,go_long,go_long,go_long,go_long,go_long,1,1.710971960955847,go_long,1.7257999999999982,1.7241428571429824,go_long,go_long,0.0,1.73,False,go_long,go_long,1.73,go_long,0,1.73,0,1.73,1.7099199999999342,1.7212235270768355
13,OGN/USDT:USDT,2022-05-13 03:45:00+00:00,first_buy,trailing_stop_loss,0.2144,0.2184,0.20647141614927209,0.1996027933627194,0.2137,0,0.2184,3025174.0,0,False,0.21332000000001297,0.21018571428571614,0.1950879999999981,-6.58664181,-0.10755249670238227,0,go_long,go_long,go_long,go_long,go_long,go_long,1,0.19497237567063413,go_long,0.19594000000001227,0.19580000000000192,go_long,go_long,0.0,0.19640000000000002,False,go_long,go_long,0.19640000000000002,go_long,0,0.19640000000000002,0,0.19640000000000002,0.19477199999999834,0.19558437490231617
62,COMP/USDT:USDT,2022-05-12 05:00:00+00:00,first_buy,trailing_stop_loss,62.52,62.64,64.19183293606014,66.65341121791568,60.65,1,61.21,22323.001,0,False,62.390000000000725,62.707142857142465,67.46359999999883,-5.04502033,-0.08220319027340578,1,go_long,go_long,go_long,go_long,go_long,go_long,1,57.065073163012194,go_long,57.06000000000067,57.071428571428235,go_long,go_long,4490.046,57.27,False,go_long,go_long,57.24,go_long,1,56.86,0,56.63,57.15039999999888,57.106854188265366
87,ETH/USDT:USDT,2022-05-01 23:00:00+00:00,second_buy,trailing_stop_loss,2802.09,2813.27,2799.418319040762,2793.09838607004,2796.75,1,2805.35,12796.2,0,False,2807.784000000029,2805.995714285655,2793.217600000001,20.06183721,0.3408779165850476,0,do_nothing,do_nothing,go_short,go_short,go_short,go_short,0,1811.2450581582673,go_short,1823.3380000000277,1818.6642857142378,go_short,go_short,59672.412,1846.57,False,go_short,do_nothing,1839.9,do_nothing,0,1844.43,0,1833.79,1807.9868000000001,1818.5957814375913
116,QTUM/USDT:USDT,2021-03-03 00:15:00+00:00,first_buy,trailing_stop_loss,5.193,5.198,5.140596533386886,5.094326210826211,5.132,0,5.171,39556.8,0,False,5.1732000000000005,5.162142857142858,5.090080000000001,-26.73676429,-0.4376573701247302,0,go_long,do_nothing,go_long,go_long,go_long,go_long,0,5.564928589201294,go_long,5.4963999999997135,5.511000000000091,go_long,go_long,36040.6,5.492,False,go_long,do_nothing,5.489,go_long,1,5.485,0,5.467,5.596599999999949,5.532233412369615
34,DYDX/USDT:USDT,2022-02-24 03:30:00+00:00,first_buy,trailing_stop_loss,5.013,5.036,5.162681915757719,5.250850676287199,4.933,1,4.934,534789.8,0,False,5.125400000000001,5.162857142857251,5.248599999999948,-18.9362042,-0.3091989570898262,1,go_long,go_long,go_long,go_long,go_long,go_long,0,3.5631766366903204,go_long,3.5190000000000032,3.5315714285715605,go_long,go_long,192275.4,3.537,False,go_long,go_long,3.513,go_long,1,3.518,0,3.512,3.5750399999999356,3.5468870661797003
107,XRP/USDT:USDT,2021-03-03 00:15:00+00:00,first_buy,trailing_stop_loss,0.436,0.43620000000000003,0.43303558360326394,0.43041025641025643,0.43,0,0.434,15463172.8,0,False,0.43484000000000017,0.43435714285714305,0.430508,-24.74521826,-0.4031116225281009,0,go_long,go_long,go_long,go_long,go_long,go_long,0,0.607519857295282,go_long,0.5991000000000002,0.6003142857142955,go_long,go_long,6917493.4,0.5983,False,go_long,go_long,0.598,go_long,1,0.5971000000000001,1,0.5962000000000001,0.6092800000000003,0.6028509870584121
112,MKR/USDT:USDT,2021-03-03 00:15:00+00:00,first_buy,trailing_stop_loss,2161.01,2174.47,2147.9312506459314,2132.5830199430197,2148.99,0,2174.39,309.312,0,False,2161.414,2156.6442857142856,2129.7787999999996,-40.14666664,-0.6589792861303126,0,go_long,go_long,go_long,go_long,go_long,go_long,1,1450.0190426845434,go_long,1434.0000000000098,1440.9285714285727,go_long,go_long,162.632,1426.3,False,go_long,go_long,1424.3,go_long,1,1417.1,0,1415.1,1450.3080000000132,1446.545515760016
108,XRP/USDT:USDT,2022-05-11 20:45:00+00:00,first_buy,trailing_stop_loss,0.40990000000000004,0.4136,0.4182037726830722,0.4318247558262863,0.405,1,0.4122,53778787.7,0,False,0.41041999999999934,0.4127428571428666,0.4312000000000003,-4.47817095,-0.07296965409728932,1,go_long,go_long,go_long,go_long,go_long,go_long,1,0.385011511812881,go_long,0.3844599999999995,0.38472857142858,go_long,go_long,5537499.4,0.3849,False,go_long,go_long,0.38430000000000003,go_long,1,0.38370000000000004,0,0.38270000000000004,0.3850320000000004,0.38483141717020813
